value_kind,group,feature,count,min,p05,p25,median,mean,p75,p95,max,std,unique_count,pct_exact_0,pct_exact_1,pct_near_0,pct_near_1
raw,generalized,tactical_density,148,0.0,0.00391355,0.014863499999999998,0.107697,0.14737181756756756,0.2681665,0.4317140500000002,0.652,0.14519800590093723,140,0.6756756756756757,0.0,35.13513513513514,0.0
raw,generalized,quiet_position_density,148,0.48515,0.8162522,0.95855425,0.984939,0.9575285,0.9901745000000001,0.9959095,0.996919,0.06714658337804387,113,0.0,0.0,0.0,77.70270270270271
raw,generalized,king_safety_risk,148,0.017,0.023,0.027667,0.029,0.03770047972972973,0.029,0.0869164500000001,0.376667,0.042773330103008586,16,0.0,0.0,91.21621621621621,0.0
raw,generalized,early_castling_tendency,148,0.21125,0.4225,0.43306225000000004,0.47125,0.4874145945945946,0.5151249999999999,0.6292000000000001,0.91375,0.08448884238048897,80,0.0,0.0,0.0,0.0
raw,generalized,opposite_side_castling_tendency,148,0.0,0.0,0.0,0.0825,0.12776350675675677,0.2145,0.4074585500000001,0.44,0.13911618897028058,39,41.21621621621622,0.0,41.21621621621622,0.0
raw,generalized,middlegame_complexity,148,0.318664,0.3309118,0.35464125,0.3751645,0.3817656891891892,0.40399725,0.4492132,0.582487,0.039805785371117904,146,0.0,0.0,0.0,0.0
raw,generalized,pawn_structure_sharpness,148,0.05,0.05,0.05,0.05,0.14987331756756755,0.2625,0.3,0.375,0.11023200143101368,25,0.0,0.0,50.67567567567568,0.0
raw,generalized,material_imbalance,148,0.0,0.0,0.0,0.015094,0.026850858108108108,0.035,0.08871875000000001,0.357625,0.04801892307655982,20,46.62162162162162,0.0,85.13513513513513,0.0
raw,generalized,endgame_likelihood_proxy,148,0.413373,0.50713425,0.577655,0.604109,0.5880606621621621,0.61555125,0.6173192000000001,0.618537,0.04092616313071727,148,0.0,0.0,0.0,0.0
raw,white,white_tactical_density,148,0.001388,0.0024071,0.0063995,0.0724605,0.1096844527027027,0.170764,0.34838910000000006,0.466955,0.11626274431638663,143,0.0,0.0,43.24324324324324,0.0
raw,white,white_quiet_position_density,148,0.535551,0.8261197499999999,0.96866475,0.988472,0.9609827297297298,0.99210475,0.99696575,0.997786,0.06933449935712115,122,0.0,0.0,0.0,81.08108108108108
raw,white,white_king_safety_risk,148,0.0,0.017,0.023,0.029,0.032497770270270274,0.029,0.06,0.17,0.02553723909554242,15,1.3513513513513513,0.0,91.89189189189189,0.0
raw,white,white_early_castling_tendency,148,0.0,0.4225,0.4225,0.47125,0.48738974324324325,0.52,0.6175,1.0,0.10461271615919526,57,0.6756756756756757,1.3513513513513513,0.6756756756756757,1.3513513513513513
raw,white,white_opposite_side_castling_tendency,148,0.0,0.0,0.0,0.0825,0.12776350675675677,0.2145,0.4074585500000001,0.44,0.13911618897028058,39,41.21621621621622,0.0,41.21621621621622,0.0
raw,white,white_middlegame_complexity,148,0.318664,0.3309118,0.35464125,0.3751645,0.3817656891891892,0.40399725,0.4492132,0.582487,0.039805785371117904,146,0.0,0.0,0.0,0.0
raw,white,white_pawn_structure_sharpness,148,0.0375,0.0375,0.0375,0.0375,0.1321579391891892,0.25234375,0.2875,0.3375,0.10875867214712473,17,0.0,0.0,51.351351351351354,0.0
raw,white,white_material_imbalance,148,0.0,0.0,0.0,0.03125,0.053873310810810815,0.1,0.2,0.3425,0.07299968470302616,19,46.62162162162162,0.0,70.27027027027027,0.0
raw,white,white_endgame_likelihood_proxy,148,0.420598,0.5086541,0.5869445,0.605581,0.5922798716216217,0.61643775,0.61778325,0.620651,0.03747573140899219,148,0.0,0.0,0.0,0.0
raw,black,black_tactical_density,148,0.001388,0.00261205,0.0088315,0.07484,0.10190374324324324,0.17079475,0.29690345000000007,0.35292,0.10044178940783359,142,0.0,0.0,44.5945945945946,0.0
raw,black,black_quiet_position_density,148,0.717043,0.8272203499999999,0.958662,0.988864,0.9618790405405405,0.99259875,0.99675,0.997786,0.05834366447852023,119,0.0,0.0,0.0,79.05405405405405
raw,black,black_king_safety_risk,148,0.0,0.023,0.023,0.029,0.03263965540540541,0.029,0.05475000000000008,0.376667,0.037995034033928204,14,0.6756756756756757,0.0,94.5945945945946,0.0
raw,black,black_early_castling_tendency,148,0.0,0.4225,0.431979,0.4745,0.4874394594594595,0.52,0.6175,1.0,0.09241242442540283,44,0.6756756756756757,0.6756756756756757,0.6756756756756757,0.6756756756756757
raw,black,black_opposite_side_castling_tendency,148,0.0,0.0,0.0,0.0825,0.12776350675675677,0.2145,0.4074585500000001,0.44,0.13911618897028058,39,41.21621621621622,0.0,41.21621621621622,0.0
raw,black,black_middlegame_complexity,148,0.318664,0.3309118,0.35464125,0.3751645,0.3817656891891892,0.40399725,0.4492132,0.582487,0.039805785371117904,146,0.0,0.0,0.0,0.0
raw,black,black_pawn_structure_sharpness,148,0.0375,0.0375,0.0375,0.0375,0.13300253378378377,0.25,0.2875,0.3375,0.11016439695251372,15,0.0,0.0,52.027027027027025,0.0
raw,black,black_material_imbalance,148,0.0,0.0,0.0,0.03125,0.053873310810810815,0.1,0.2,0.3425,0.07299968470302616,19,46.62162162162162,0.0,70.27027027027027,0.0
raw,black,black_endgame_likelihood_proxy,148,0.44288,0.51536775,0.5895852500000001,0.605078,0.5934479864864864,0.61631825,0.61813825,0.6198,0.03493968319001672,148,0.0,0.0,0.0,0.0
calibrated,generalized,tactical_density,148,0.0,0.050000050000000004,0.25000025000000003,0.5,0.49999998648648647,0.74999975,0.94999995,1.0,0.29062584894915783,140,0.6756756756756757,0.6756756756756757,5.405405405405405,5.405405405405405
calibrated,generalized,quiet_position_density,148,0.0,0.050000050000000004,0.25000025000000003,0.493197,0.49999999324324323,0.75085,0.94642855,1.0,0.29058063529040784,113,0.6756756756756757,0.6756756756756757,5.405405405405405,5.405405405405405
calibrated,generalized,king_safety_risk,148,0.003401,0.081633,0.255102,0.578231,0.49999983783783786,0.578231,0.94999995,1.0,0.2565734593068356,16,0.0,0.6756756756756757,1.3513513513513513,5.405405405405405
calibrated,generalized,early_castling_tendency,148,0.003401,0.091837,0.25,0.489796,0.5000000810810811,0.75850325,0.94999995,1.0,0.29026032764582377,80,0.0,0.6756756756756757,3.3783783783783785,5.405405405405405
calibrated,generalized,opposite_side_castling_tendency,148,0.204082,0.20408199999999999,0.204082,0.493197,0.5000000878378379,0.748299,0.94999995,1.0,0.28019565891516673,39,0.0,0.6756756756756757,0.0,5.405405405405405
calibrated,generalized,middlegame_complexity,148,0.0,0.050000050000000004,0.25000025000000003,0.5,0.5,0.74999975,0.94999995,1.0,0.2906317376894545,146,0.6756756756756757,0.6756756756756757,5.405405405405405,5.405405405405405
calibrated,generalized,pawn_structure_sharpness,148,0.251701,0.251701,0.251701,0.251701,0.5000002567567567,0.751701,0.87415,1.0,0.2696573392756404,25,0.0,0.6756756756756757,0.0,2.7027027027027026
calibrated,generalized,material_imbalance,148,0.231293,0.231293,0.231293,0.5034015000000001,0.5000002364864865,0.785714,0.94761925,1.0,0.27441969136326627,20,0.0,0.6756756756756757,0.0,5.405405405405405
calibrated,generalized,endgame_likelihood_proxy,148,0.0,0.050000050000000004,0.25000025000000003,0.5,0.5,0.74999975,0.94999995,1.0,0.29063228610712083,148,0.6756756756756757,0.6756756756756757,5.405405405405405,5.405405405405405
calibrated,white,white_tactical_density,148,0.0,0.050000050000000004,0.25000025000000003,0.5,0.5000000067567567,0.7474489999999999,0.94999995,1.0,0.29063039447584005,143,0.6756756756756757,0.6756756756756757,5.405405405405405,5.405405405405405
calibrated,white,white_quiet_position_density,148,0.0,0.050000050000000004,0.25000025000000003,0.498299,0.49999999324324323,0.74999975,0.94999995,1.0,0.2905986633177229,122,0.6756756756756757,0.6756756756756757,5.405405405405405,5.405405405405405
calibrated,white,white_king_safety_risk,148,0.003401,0.034014,0.176871,0.62585,0.4999998918918919,0.62585,0.942177,0.996599,0.2681560703448125,15,0.0,0.0,6.081081081081081,4.72972972972973
calibrated,white,white_early_castling_tendency,148,0.0,0.146259,0.146259,0.513605,0.500000054054054,0.755102,0.94898,0.996599,0.28858074544001233,57,0.6756756756756757,0.0,4.054054054054054,4.054054054054054
calibrated,white,white_opposite_side_castling_tendency,148,0.204082,0.20408199999999999,0.204082,0.493197,0.5000000878378379,0.748299,0.94999995,1.0,0.28019565891516673,39,0.0,0.6756756756756757,0.0,5.405405405405405
calibrated,white,white_middlegame_complexity,148,0.0,0.050000050000000004,0.25000025000000003,0.5,0.5,0.74999975,0.94999995,1.0,0.2906317376894545,146,0.6756756756756757,0.6756756756756757,5.405405405405405,5.405405405405405
calibrated,white,white_pawn_structure_sharpness,148,0.255102,0.255102,0.255102,0.255102,0.5000000675675675,0.73724525,0.87415,1.0,0.26857551512109795,17,0.0,0.6756756756756757,0.0,2.027027027027027
calibrated,white,white_material_imbalance,148,0.231293,0.231293,0.231293,0.506803,0.5000001959459459,0.785714,0.94898,1.0,0.27459338953745976,19,0.0,0.6756756756756757,0.0,4.054054054054054
calibrated,white,white_endgame_likelihood_proxy,148,0.0,0.050000050000000004,0.25000025000000003,0.5,0.5,0.74999975,0.94999995,1.0,0.29063228610712083,148,0.6756756756756757,0.6756756756756757,5.405405405405405,5.405405405405405
calibrated,black,black_tactical_density,148,0.0,0.04897975000000001,0.25000025000000003,0.498299,0.5,0.74999975,0.94999995,1.0,0.29063066330884263,142,0.6756756756756757,0.6756756756756757,5.405405405405405,5.405405405405405
calibrated,black,black_quiet_position_density,148,0.0,0.050000050000000004,0.25000025000000003,0.513605,0.5000000067567567,0.74999975,0.94999995,1.0,0.2905959583886957,119,0.6756756756756757,0.6756756756756757,5.405405405405405,5.405405405405405
calibrated,black,black_king_safety_risk,148,0.0,0.180272,0.180272,0.690476,0.4999998716216216,0.690476,0.9522106000000001,1.0,0.2682316853345933,14,0.6756756756756757,0.6756756756756757,4.054054054054054,5.405405405405405
calibrated,black,black_early_castling_tendency,148,0.0,0.132653,0.25765325,0.5,0.4999998918918919,0.768707,0.945578,1.0,0.2874310543273963,44,0.6756756756756757,0.6756756756756757,3.3783783783783785,4.72972972972973
calibrated,black,black_opposite_side_castling_tendency,148,0.204082,0.20408199999999999,0.204082,0.493197,0.5000000878378379,0.748299,0.94999995,1.0,0.28019565891516673,39,0.0,0.6756756756756757,0.0,5.405405405405405
calibrated,black,black_middlegame_complexity,148,0.0,0.050000050000000004,0.25000025000000003,0.5,0.5,0.74999975,0.94999995,1.0,0.2906317376894545,146,0.6756756756756757,0.6756756756756757,5.405405405405405,5.405405405405405
calibrated,black,black_pawn_structure_sharpness,148,0.258503,0.258503,0.258503,0.258503,0.4999999054054054,0.727891,0.863946,1.0,0.2678616654654731,15,0.0,0.6756756756756757,0.0,3.3783783783783785
calibrated,black,black_material_imbalance,148,0.231293,0.231293,0.231293,0.506803,0.5000001959459459,0.785714,0.94898,1.0,0.27459338953745976,19,0.0,0.6756756756756757,0.0,4.054054054054054
calibrated,black,black_endgame_likelihood_proxy,148,0.0,0.050000050000000004,0.25000025000000003,0.5,0.5,0.74999975,0.94999995,1.0,0.29063228610712083,148,0.6756756756756757,0.6756756756756757,5.405405405405405,5.405405405405405
