opening_name,line_count,eco_values,representative_pgn,representative_uci,tactical_density,quiet_position_density,king_safety_risk,early_castling_tendency,opposite_side_castling_tendency,middlegame_complexity,pawn_structure_sharpness,material_imbalance,endgame_likelihood_proxy,structure_diversity
Alekhine Defense,56,B02;B03;B04;B05,1. e4 Nf6 2. e5 Nd5 3. d4 d6 4. c4 Nb6 5. f4 dxe5 6. fxe5 Nc6 7. Be3 Bf5 8. Nc3 e6 9. Nf3 Qd7 10. Be2 O-O-O 11. O-O Be7,e2e4 g8f6 e4e5 f6d5 d2d4 d7d6 c2c4 d5b6 f2f4 d6e5 f4e5 b8c6 c1e3 c8f5 b1c3 e7e6 g1f3 d8d7 f1e2 e8c8 e1g1 f8e7,0.083744,0.911044,0.026613,0.512411,0.090699,0.193591,0.117634,0.010509,0.586338,0.308048
Amar Opening,3,A00,1. Nh3 d5 2. g3 e5 3. f4 Bxh3 4. Bxh3 exf4 5. O-O fxg3 6. hxg3,g1h3 d7d5 g2g3 e7e5 f2f4 c8h3 f1h3 e5f4 e1g1 f4g3 h2g3,0.102557,0.918781,0.0375,0.554861,0.1375,0.200816,0.114583,0.113333,0.576642,0.57938
Amazon Attack,2,A45;D00,1. d4 Nf6 2. Nc3 d5 3. Qd3,d2d4 g8f6 b1c3 d7d5 d1d3,0.007373,0.976613,0.0245,0.495625,0.39875,0.16949,0.3,0.0,0.603494,0.0
Amsterdam Attack,1,A00,1. e3 e5 2. c4 d6 3. Nc3 Nc6 4. b3 Nf6,e2e3 e7e5 c2c4 d7d6 b1c3 b8c6 b2b3 g8f6,0.013455,0.976411,0.025333,0.482083,0.375833,0.179487,0.05,0.0,0.614808,0.0
Anderssen's Opening,2,A00,1. a3 a5 2. b4,a2a3 a7a5 b2b4,0.033454,0.96212,0.029,0.4225,0.0,0.135226,0.05,0.013125,0.609623,0.0
Australian Defense,1,A40,1. d4 Na6,d2d4 b8a6,0.005818,0.981426,0.027,0.455,0.3575,0.142009,0.05,0.0,0.61608,0.0
Barnes Defense,1,B00,1. e4 f6,e2e4 f7f6,0.032,0.956061,0.029,0.4225,0.0,0.151205,0.05,0.0,0.612294,0.0
Barnes Opening,6,A00;C20,1. f3 d5 2. e4 g6 3. d4 dxe4 4. c3,f2f3 d7d5 e2e4 g7g6 d2d4 d5e4 c2c3,0.070099,0.905358,0.039083,0.414375,0.0,0.166098,0.141667,0.020417,0.578436,0.564475
Benko Gambit,8,A57;A58;A59,1. d4 Nf6 2. c4 c5 3. d5 b5 4. cxb5 a6 5. bxa6 g6 6. Nc3 Bxa6 7. e4 Bxf1 8. Kxf1 d6 9. g3,d2d4 g8f6 c2c4 c7c5 d4d5 b7b5 c4b5 a7a6 b5a6 g7g6 b1c3 c8a6 e2e4 a6f1 e1f1 d7d6 g2g3,0.119662,0.879274,0.049958,0.356771,0.046979,0.227119,0.247656,0.027344,0.534102,0.718546
Benko Gambit Accepted,10,A57;A58;A59,1. d4 Nf6 2. c4 c5 3. d5 b5 4. cxb5 a6 5. bxa6 g6 6. Nc3 Bxa6 7. Nf3 d6 8. e4 Bxf1 9. Kxf1 Bg7 10. g3 O-O 11. Kg2,d2d4 g8f6 c2c4 c7c5 d4d5 b7b5 c4b5 a7a6 b5a6 g7g6 b1c3 c8a6 g1f3 d7d6 e2e4 a6f1 e1f1 f8g7 g2g3 e8g8 f1g2,0.111748,0.884949,0.042567,0.446792,0.075167,0.228193,0.291875,0.05425,0.513165,0.61604
Benko Gambit Declined,6,A57,1. d4 Nf6 2. c4 c5 3. d5 b5 4. Bg5,d2d4 g8f6 c2c4 c7c5 d4d5 b7b5 c1g5,0.126938,0.893877,0.025278,0.482986,0.125278,0.184412,0.05,0.021875,0.594138,0.0
Benoni Defense,61,A40;A43;A44;A56;A60;A61;A62;A63;A64;A65;A66;A67;A68;A69;A70;A71;A72;A73;A74;A75;A76;A77;A78;A79,1. d4 Nf6 2. c4 e6 3. g3 c5 4. d5 exd5 5. cxd5 d6 6. Nc3 g6 7. Bg2 Bg7 8. Nf3 O-O 9. O-O a6 10. a4 Nbd7 11. Nd2 Re8,d2d4 g8f6 c2c4 e7e6 g2g3 c7c5 d4d5 e6d5 c4d5 d7d6 b1c3 g7g6 f1g2 f8g7 g1f3 e8g8 e1g1 a7a6 a2a4 b8d7 f3d2 f8e8,0.068248,0.91264,0.027658,0.543531,0.092568,0.217556,0.268238,0.005594,0.563281,0.325235
Bird Opening,28,A02;A03;B21,1. f4 e5 2. fxe5 d6 3. exd6 Bxd6 4. Nf3 Nh6 5. d4,f2f4 e7e5 f4e5 d7d6 e5d6 f8d6 g1f3 g8h6 d2d4,0.085827,0.921441,0.026881,0.456934,0.212798,0.168936,0.123884,0.021563,0.570391,0.388106
Bishop's Opening,41,C23;C24;C26;C27;C28;C43,1. e4 e5 2. Bc4 Bc5 3. b4 Bxb4 4. f4 exf4 5. Nf3 Be7 6. d4 Bh4+ 7. g3 fxg3 8. O-O gxh2+ 9. Kh1,e2e4 e7e5 f1c4 f8c5 b2b4 c5b4 f2f4 e5f4 g1f3 b4e7 d2d4 e7h4 g2g3 f4g3 e1g1 g3h2 g1h1,0.128784,0.871862,0.028211,0.535406,0.048069,0.239093,0.302439,0.033503,0.560075,0.413405
Blackmar-Diemer Gambit,18,D00,1. d4 d5 2. e4 dxe4 3. Nc3 Nf6 4. Bg5 Bf5 5. Bxf6 exf6 6. g4 Bg6 7. Qe2 Bb4 8. Qb5+,d2d4 d7d5 e2e4 d5e4 b1c3 g8f6 c1g5 c8f5 g5f6 e7f6 g2g4 f5g6 d1e2 f8b4 e2b5,0.124064,0.880908,0.026944,0.467153,0.239861,0.236098,0.253819,0.056903,0.528072,0.219232
Blackmar-Diemer Gambit Accepted,21,D00,1. d4 d5 2. e4 dxe4 3. Nc3 Nf6 4. f3 exf3 5. Nxf3 e6 6. Bg5 Be7 7. Bd3 Nc6 8. O-O Nxd4 9. Kh1,d2d4 d7d5 e2e4 d5e4 b1c3 g8f6 f2f3 e4f3 g1f3 e7e6 c1g5 f8e7 f1d3 b8c6 e1g1 c6d4 g1h1,0.146887,0.855063,0.029135,0.527083,0.319524,0.265224,0.269643,0.087155,0.500636,0.124981
Blackmar-Diemer Gambit Declined,8,D00,1. d4 d5 2. e4 dxe4 3. Nc3 Nf6 4. f3 c5,d2d4 d7d5 e2e4 d5e4 b1c3 g8f6 f2f3 c7c5,0.136835,0.866206,0.024,0.50375,0.4125,0.24391,0.244531,0.042219,0.518144,0.181188
Blumenfeld Countergambit,3,E10,1. d4 Nf6 2. c4 e6 3. Nf3 c5 4. d5 b5 5. Bg5 exd5 6. cxd5 h6,d2d4 g8f6 c2c4 e7e6 g1f3 c7c5 d4d5 b7b5 c1g5 e6d5 c4d5 h7h6,0.089023,0.903538,0.023,0.52,0.0,0.211079,0.095833,0.01225,0.585974,0.57938
Blumenfeld Countergambit Accepted,1,E10,1. d4 Nf6 2. c4 e6 3. Nf3 c5 4. d5 b5 5. dxe6 fxe6 6. cxb5 d5,d2d4 g8f6 c2c4 e7e6 g1f3 c7c5 d4d5 b7b5 d5e6 f7e6 c4b5 d7d5,0.126214,0.875631,0.024333,0.498333,0.0,0.248029,0.325,0.035,0.4811,0.0
Bogo-Indian Defense,21,E11,1. d4 Nf6 2. c4 e6 3. Nf3 d5 4. g3 Bb4+ 5. Bd2 Be7 6. Bg2 O-O 7. O-O c6 8. Qc2 Nbd7 9. Bf4 b6 10. Nbd2 Ba6,d2d4 g8f6 c2c4 e7e6 g1f3 d7d5 g2g3 f8b4 c1d2 b4e7 f1g2 e8g8 e1g1 c7c6 d1c2 b8d7 d2f4 b7b6 b1d2 c8a6,0.097519,0.870775,0.014048,0.771964,0.0,0.20603,0.180952,0.024119,0.59866,0.227298
Bongcloud Attack,1,C20,1. e4 e5 2. Ke2,e2e4 e7e5 e1e2,0.005045,0.981739,0.0995,0.21125,0.0,0.170411,0.3,0.0,0.593076,0.0
Borg Defense,5,A40;B00,1. e4 g5 2. d4 h6 3. h4 g4,e2e4 g7g5 d2d4 h7h6 h2h4 g5g4,0.051354,0.956277,0.028667,0.427917,0.2145,0.162006,0.1,0.01575,0.604602,0.310918
Canard Opening,1,A45,1. d4 Nf6 2. f4,d2d4 g8f6 f2f4,0.003136,0.988735,0.026,0.47125,0.3575,0.142854,0.05,0.0,0.61791,0.0
Caro-Kann Defense,107,B10;B11;B12;B13;B14;B15;B16;B17;B18;B19,1. e4 c6 2. d4 d5 3. Nd2 dxe4 4. Nxe4 Bf5 5. Ng3 Bg6 6. h4 h6 7. Nf3 Nd7 8. h5 Bh7 9. Bd3 Bxd3 10. Qxd3 e6 11. Bd2 Ngf6 12. O-O-O Be7,e2e4 c7c6 d2d4 d7d5 b1d2 d5e4 d2e4 c8f5 e4g3 f5g6 h2h4 h7h6 g1f3 b8d7 h4h5 g6h7 f1d3 h7d3 d1d3 e7e6 c1d2 g8f6 e1c1 f8e7,0.096029,0.90054,0.03162,0.464914,0.18479,0.217613,0.240888,0.011012,0.564368,0.41571
Carr Defense,2,B00,1. e4 h6 2. d4 e5,e2e4 h7h6 d2d4 e7e5,0.036934,0.962319,0.029,0.4225,0.0,0.160068,0.175,0.013125,0.602121,1.0
Catalan Opening,30,E00;E01;E02;E03;E04;E05;E06;E07;E08;E09,1. d4 Nf6 2. c4 e6 3. Nf3 d5 4. g3 Be7 5. Bg2 O-O 6. O-O Nbd7 7. Qc2 c6 8. Bf4 b6 9. Nbd2 Bb7 10. e4 dxe4 11. Nxe4 Nxe4 12. Qxe4,d2d4 g8f6 c2c4 e7e6 g1f3 d7d5 g2g3 f8e7 f1g2 e8g8 e1g1 b8d7 d1c2 c7c6 c1f4 b7b6 b1d2 c8b7 e2e4 d5e4 d2e4 f6e4 c2e4,0.109972,0.891934,0.0087,0.816125,0.0,0.233283,0.260417,0.01225,0.574073,0.300472
Center Game,18,C20;C21;C22,1. e4 e5 2. d4 exd4 3. Qxd4 Nc6 4. Qe3 Nf6 5. Nc3 Bb4 6. Bd2 O-O 7. O-O-O Re8 8. Bc4 d6 9. Nh3,e2e4 e7e5 d2d4 e5d4 d1d4 b8c6 d4e3 g8f6 b1c3 f8b4 c1d2 e8g8 e1c1 f8e8 f1c4 d7d6 g1h3,0.137085,0.871972,0.023741,0.513866,0.141111,0.236775,0.247569,0.028778,0.530749,0.3605
Center Game Accepted,1,C21,1. e4 e5 2. d4 exd4,e2e4 e7e5 d2d4 e5d4,0.110473,0.905269,0.029,0.4225,0.0,0.20161,0.23125,0.035,0.52748,0.0
Clemenz Opening,2,A00,1. h3 h5 2. g4,h2h3 h7h5 g2g4,0.032159,0.965229,0.029,0.4225,0.0,0.135358,0.05,0.013125,0.611024,0.0
Colle System,3,A04;A40,1. d4 g6 2. Nf3 Bg7 3. e3 c5 4. Bd3 cxd4 5. Nxd4 Qa5+,d2d4 g7g6 g1f3 f8g7 e2e3 c7c5 f1d3 c5d4 f3d4 d8a5,0.102702,0.856067,0.021,0.5525,0.0,0.18219,0.15625,0.011667,0.559477,1.0
Creepy Crawly Formation,1,A00,1. h3 d5 2. a3 e5,h2h3 d7d5 a2a3 e7e5,0.007115,0.975941,0.029,0.4225,0.0,0.139121,0.05,0.0,0.615564,0.0
Czech Defense,1,B07,1. e4 d6 2. d4 Nf6 3. Nc3 c6,e2e4 d7d6 d2d4 g8f6 b1c3 c7c6,0.043238,0.943872,0.024,0.50375,0.4125,0.186394,0.05,0.0,0.609021,0.0
Danish Gambit,1,C21,1. e4 e5 2. d4 exd4 3. c3,e2e4 e7e5 d2d4 e5d4 c2c3,0.111828,0.902581,0.029,0.4225,0.0,0.221396,0.23125,0.06125,0.525875,0.0
Danish Gambit Accepted,6,C21,1. e4 e5 2. d4 exd4 3. c3 dxc3 4. Bc4 cxb2 5. Bxb2 Qe7,e2e4 e7e5 d2d4 e5d4 c2c3 d4c3 f1c4 c3b2 c1b2 d8e7,0.201979,0.806875,0.025167,0.484792,0.06875,0.287735,0.33125,0.072917,0.466265,0.484196
Danish Gambit Declined,1,C21,1. e4 e5 2. d4 exd4 3. c3 d5,e2e4 e7e5 d2d4 e5d4 c2c3 d7d5,0.189619,0.841935,0.029,0.4225,0.0,0.250748,0.29375,0.06125,0.508428,0.0
Dresden Opening,1,C44,1. e4 e5 2. Nf3 Nc6 3. c4 Nf6 4. Nxe5,e2e4 e7e5 g1f3 b8c6 c2c4 g8f6 f3e5,0.100962,0.908329,0.023,0.52,0.0,0.213779,0.15,0.06125,0.537231,0.0
Duras Gambit,1,B00,1. e4 f5,e2e4 f7f5,0.172545,0.8541,0.029,0.4225,0.3575,0.159098,0.05,0.02625,0.579495,0.0
Dutch Defense,68,A80;A81;A82;A83;A84;A85;A86;A87;A88;A89;A90;A91;A92;A93;A94;A95;A96;A97;A98;A99,1. d4 f5 2. c4 Nf6 3. g3 e6 4. Bg2 Be7 5. Nf3 O-O 6. O-O d5 7. Nc3 c6 8. Qc2 Qe8 9. Bg5,d2d4 f7f5 c2c4 g8f6 g2g3 e7e6 f1g2 f8e7 g1f3 e8g8 e1g1 d7d5 b1c3 c7c6 d1c2 d8e8 c1g5,0.038804,0.955796,0.018914,0.613738,0.123211,0.177777,0.108548,0.010165,0.599045,0.203216
Döry Defense,1,A46,1. d4 Nf6 2. Nf3 Ne4,d2d4 g8f6 g1f3 f6e4,0.002509,0.990582,0.023,0.52,0.0,0.14959,0.05,0.0,0.618487,0.0
East Indian Defense,1,A48,1. d4 Nf6 2. Nf3 g6,d2d4 g8f6 g1f3 g7g6,0.004036,0.986363,0.023,0.52,0.0,0.150464,0.05,0.0,0.617099,0.0
Elephant Gambit,4,C40,1. e4 e5 2. Nf3 d5 3. Nxe5 dxe4 4. Bc4 Qg5,e2e4 e7e5 g1f3 d7d5 f3e5 d5e4 f1c4 d8g5,0.144241,0.875245,0.024,0.50375,0.103125,0.227965,0.253125,0.037187,0.53339,0.75
English Defense,7,A40,1. c4 e6 2. d4 b6 3. Nc3 Bb7 4. e4 f5 5. exf5 Nf6,c2c4 e7e6 d2d4 b7b6 b1c3 c8b7 e2e4 f7f5 e4f5 g8f6,0.068224,0.927867,0.026571,0.461964,0.113929,0.192951,0.101786,0.025,0.582153,0.30745
English Opening,166,A10;A11;A13;A14;A15;A16;A17;A18;A19;A20;A21;A22;A23;A24;A25;A26;A27;A28;A29;A30;A31;A32;A33;A34;A35;A36;A37;A38;A39;C20,1. c4 e6 2. Nf3 c5 3. Nc3 Nf6 4. g3 b6 5. Bg2 Bb7 6. O-O Be7 7. d4 cxd4 8. Qxd4 d6 9. Rd1 a6 10. b3 Nbd7,c2c4 e7e6 g1f3 c7c5 b1c3 g8f6 g2g3 b7b6 f1g2 c8b7 e1g1 f8e7 d2d4 c5d4 d1d4 d7d6 f1d1 a7a6 b2b3 b8d7,0.047349,0.952595,0.021396,0.564822,0.079297,0.174895,0.086898,0.007837,0.599759,0.149021
English Orangutan,2,A15,1. c4 Nf6 2. Nf3 g6 3. b4,c2c4 g8f6 g1f3 g7g6 b2b4,0.002818,0.989753,0.0245,0.495625,0.0,0.14084,0.05,0.0,0.61792,0.0
Englund Gambit,9,A40,1. d4 e5 2. dxe5 Nc6 3. Nf3 Qe7 4. Qd5,d2d4 e7e5 d4e5 b8c6 g1f3 d8e7 d1d5,0.122727,0.872168,0.025333,0.482083,0.183333,0.212297,0.211111,0.042778,0.531905,0.15876
Englund Gambit Declined,7,A40,1. d4 e5 2. d5 Bc5 3. e4 Qh4,d2d4 e7e5 d4d5 f8c5 e2e4 d8h4,0.126627,0.879393,0.027286,0.450357,0.0,0.180989,0.085714,0.0,0.590509,0.210758
Formation,2,A00,1. a3 e5 2. b3 d5 3. c3 Nf6 4. d3 Nc6 5. e3 Bd6 6. f3 O-O 7. g3,a2a3 e7e5 b2b3 d7d5 c2c3 g8f6 d2d3 b8c6 e2e3 f8d6 f2f3 e8g8 g2g3,0.011753,0.961461,0.013,0.735625,0.0,0.190891,0.05,0.0,0.617524,0.0
Four Knights Game,48,C47;C48;C49;C50,1. e4 e5 2. Nf3 Nc6 3. Nc3 Nf6 4. Nxe5 Nxe5 5. d4 Nc6 6. d5 Ne5 7. f4 Ng6 8. e5 Ng8 9. d6 cxd6 10. exd6 Qf6 11. Nb5 Rb8,e2e4 e7e5 g1f3 b8c6 b1c3 g8f6 f3e5 c6e5 d2d4 e5c6 d4d5 c6e5 f2f4 e5g6 e4e5 f6g8 d5d6 c7d6 e5d6 d8f6 c3b5 a8b8,0.105828,0.89416,0.021642,0.721528,0.04526,0.252868,0.28724,0.06787,0.570213,0.417292
French Defense,211,C00;C01;C02;C03;C04;C05;C06;C07;C08;C09;C10;C11;C12;C13;C14;C15;C16;C17;C18;C19,1. e4 e6 2. d4 d5 3. Nd2 c5 4. exd5 Qxd5 5. Ngf3 cxd4 6. Bc4 Qd6 7. O-O Nf6 8. Nb3 Nc6 9. Nbxd4 Nxd4 10. Nxd4 a6,e2e4 e7e6 d2d4 d7d5 b1d2 c7c5 e4d5 d8d5 g1f3 c5d4 f1c4 d5d6 e1g1 g8f6 d2b3 b8c6 b3d4 c6d4 f3d4 a7a6,0.114303,0.874206,0.032806,0.482822,0.236599,0.253974,0.299378,0.067476,0.568541,0.387172
Fried Fox Defense,1,B00,1. e4 f6 2. d4 Kf7,e2e4 f7f6 d2d4 e8f7,0.055745,0.929091,0.0995,0.21125,0.0,0.171135,0.05,0.0,0.597705,0.0
Global Opening,1,A00,1. h3 e5 2. a3,h2h3 e7e5 a2a3,0.006576,0.976084,0.029,0.4225,0.0,0.143678,0.05,0.0,0.615952,0.0
Goldsmith Defense,2,B00,1. e4 h5 2. d4 Nf6,e2e4 h7h5 d2d4 g8f6,0.020366,0.958903,0.028167,0.436041,0.17875,0.156389,0.05,0.0,0.612002,0.0
Grob Opening,20,A00,1. g4 d5 2. h3 e5 3. Bg2 c6 4. d4 e4 5. c4 Bd6 6. Nc3 Ne7,g2g4 d7d5 h2h3 e7e5 f1g2 c7c6 d2d4 e5e4 c2c4 f8d6 b1c3 g8e7,0.090872,0.917746,0.0271,0.453375,0.129708,0.185878,0.139375,0.046744,0.571085,0.45824
Grünfeld Defense,59,A56;D80;D81;D82;D83;D84;D85;D86;D87;D88;D89;D90;D91;D92;D93;D94;D95;D96;D97;D98;D99;E60,1. d4 Nf6 2. c4 g6 3. Nc3 d5 4. cxd5 Nxd5 5. e4 Nxc3 6. bxc3 Bg7 7. Bc4 c5 8. Ne2 O-O 9. O-O Nc6 10. Be3 Bg4 11. f3 Na5 12. Bd3 cxd4 13. cxd4 Be6 14. d5,d2d4 g8f6 c2c4 g7g6 b1c3 d7d5 c4d5 f6d5 e2e4 d5c3 b2c3 f8g7 f1c4 c7c5 g1e2 e8g8 e1g1 b8c6 c1e3 c8g4 f2f3 c6a5 c4d3 c5d4 c3d4 g4e6 d4d5,0.111758,0.886435,0.022748,0.655826,0.121977,0.245174,0.252966,0.007678,0.565426,0.39675
Gunderam Defense,1,C40,1. e4 e5 2. Nf3 Qe7,e2e4 e7e5 g1f3 d8e7,0.020824,0.973241,0.024,0.50375,0.4125,0.187021,0.3,0.0,0.601875,0.0
Hippopotamus Defense,2,B00,1. e4 Nh6 2. d4 g6 3. c4 f6,e2e4 g8h6 d2d4 g7g6 c2c4 f7f6,0.016723,0.981368,0.026,0.47125,0.0,0.160166,0.05,0.0,0.61551,0.0
Horwitz Defense,2,A40,1. d4 e6 2. c4 e5,d2d4 e7e6 c2c4 e6e5,0.046727,0.949112,0.029,0.4225,0.0,0.153804,0.05,0.013125,0.605614,0.0
Hungarian Opening,20,A00;A07,1. g3 Nc6 2. Nc3 d5 3. d4 e5 4. dxe5 d4 5. Ne4 f5,g2g3 b8c6 b1c3 d7d5 d2d4 e7e5 d4e5 d5d4 c3e4 f7f5,0.049183,0.943276,0.027158,0.474042,0.092125,0.164992,0.085313,0.030125,0.594754,0.204581
Indian Defense,52,A43;A45;A46;A47;A48;A49;A50;A51;A52;E00;E10;E60,1. d4 Nf6 2. c4 e5 3. dxe5 Ng4 4. e4 Nxe5 5. f4 Nec6,d2d4 g8f6 c2c4 e7e5 d4e5 f6g4 e2e4 g4e5 f2f4 e5c6,0.049777,0.948488,0.02482,0.490417,0.102949,0.172129,0.100361,0.017163,0.591622,0.245994
Irish Gambit,1,C44,1. e4 e5 2. Nf3 Nc6 3. Nxe5,e2e4 e7e5 g1f3 b8c6 f3e5,0.097263,0.905225,0.024,0.50375,0.4125,0.21613,0.15,0.06125,0.530665,0.0
Italian Game,184,C50;C51;C52;C53;C54;C55;C56;C57;C58;C59,1. e4 e5 2. Nf3 Nc6 3. Bc4 Bc5 4. c3 Nf6 5. d4 exd4 6. cxd4 Bb4+ 7. Nc3 Nxe4 8. O-O Bxc3 9. d5 Bf6 10. Re1 Ne7 11. Rxe4 d6 12. Bg5 Bxg5 13. Nxg5 O-O 14. Nxh7,e2e4 e7e5 g1f3 b8c6 f1c4 f8c5 c2c3 g8f6 d2d4 e5d4 c3d4 c5b4 b1c3 f6e4 e1g1 b4c3 d4d5 c3f6 f1e1 c6e7 e1e4 d7d6 c1g5 f6g5 f3g5 e8g8 g5h7,0.146359,0.836839,0.049158,0.60745,0.06178,0.283552,0.31053,0.069466,0.532834,0.513375
Kangaroo Defense,2,A40,1. d4 e6 2. c4 Bb4+ 3. Nc3,d2d4 e7e6 c2c4 f8b4 b1c3,0.078348,0.831622,0.025667,0.476666,0.187916,0.148779,0.05,0.0,0.604589,0.0
King's Gambit,1,C30,1. e4 e5 2. f4,e2e4 e7e5 f2f4,0.1215,0.905274,0.029,0.4225,0.3575,0.176392,0.3,0.02625,0.581535,0.0
King's Gambit Accepted,137,C33;C34;C35;C36;C37;C38;C39,1. e4 e5 2. f4 exf4 3. Nf3 g5 4. Bc4 g4 5. O-O gxf3 6. Qxf3 Qf6 7. e5 Qxe5 8. d3 Bh6 9. Nc3 Ne7 10. Bd2 Nbc6 11. Rae1,e2e4 e7e5 f2f4 e5f4 g1f3 g7g5 f1c4 g5g4 e1g1 g4f3 d1f3 d8f6 e4e5 f6e5 d2d3 f8h6 b1c3 g8e7 c1d2 b8c6 a1e1,0.139181,0.855379,0.083116,0.426098,0.138838,0.247727,0.260493,0.067013,0.508047,0.293362
King's Gambit Declined,53,C30;C31;C32,1. e4 e5 2. f4 d5 3. exd5 e4 4. d3 Nf6 5. dxe4 Nxe4 6. Nf3 Bc5 7. Qe2 Bf2+ 8. Kd1 Qxd5+ 9. Nfd2,e2e4 e7e5 f2f4 d7d5 e4d5 e5e4 d2d3 g8f6 d3e4 f6e4 g1f3 f8c5 d1e2 c5f2 e1d1 d8d5 f3d2,0.227938,0.802912,0.04517,0.449174,0.212217,0.245398,0.295637,0.033441,0.524726,0.489531
King's Indian Attack,18,A05;A07;A08,1. e4 e6 2. d3 d5 3. Nd2 Nf6 4. Ngf3 c5 5. g3 Nc6 6. Bg2 Be7 7. O-O O-O 8. Re1,e2e4 e7e6 d2d3 d7d5 b1d2 g8f6 g1f3 c7c5 g2g3 b8c6 f1g2 f8e7 e1g1 e8g8 f1e1,0.010452,0.982346,0.01813,0.622755,0.095741,0.155481,0.05,0.001458,0.616422,0.0
"King's Indian Attack, with Bf5",5,A07,1. Nf3 Nf6 2. g3 d5 3. Bg2 c6 4. O-O Bf5 5. d3 h6 6. c4 dxc4,g1f3 g8f6 g2g3 d7d5 f1g2 c7c6 e1g1 c8f5 d2d3 h7h6 c2c4 d5c4,0.00729,0.981738,0.0115,0.76,0.0,0.187826,0.08625,0.007,0.603744,0.310918
"King's Indian Attack, with e6",2,A07,1. Nf3 Nf6 2. g3 d5 3. Bg2 e6 4. O-O Be7,g1f3 g8f6 g2g3 d7d5 f1g2 e7e6 e1g1 f8e7,0.002797,0.990873,0.01425,0.68875,0.0,0.157741,0.05,0.0,0.618567,0.0
King's Indian Defense,119,E60;E61;E62;E63;E64;E65;E66;E67;E68;E69;E70;E71;E72;E73;E74;E75;E76;E77;E78;E79;E80;E81;E82;E83;E84;E85;E86;E87;E88;E89;E90;E91;E92;E93;E94;E95;E96;E97;E98;E99,1. d4 Nf6 2. c4 g6 3. Nc3 Bg7 4. e4 d6 5. Nf3 O-O 6. Be2 e5 7. O-O Nc6 8. d5 Ne7 9. Ne1 Nd7 10. Be3 f5 11. f3 f4 12. Bf2 g5 13. Rc1 Ng6 14. c5,d2d4 g8f6 c2c4 g7g6 b1c3 f8g7 e2e4 d7d6 g1f3 e8g8 f1e2 e7e5 e1g1 b8c6 d4d5 c6e7 f3e1 f6d7 c1e3 f7f5 f2f3 f5f4 e3f2 g6g5 a1c1 e7g6 c4c5,0.024308,0.959628,0.015172,0.789667,0.0882,0.213131,0.162605,0.012989,0.605232,0.257042
King's Knight Opening,3,C40;C44,1. e4 e5 2. Nf3 Nc6 3. g3,e2e4 e7e5 g1f3 b8c6 g2g3,0.021402,0.974471,0.024667,0.492917,0.275,0.185955,0.3,0.0,0.601467,0.0
King's Pawn Game,38,B00;B07;C20;C40;C44,1. e4 e5 2. Qh5 Nc6 3. Bc4 Nh6 4. d3 g6 5. Qf3 f6 6. Ne2 d5,e2e4 e7e5 d1h5 b8c6 f1c4 g8h6 d2d3 g7g6 h5f3 f7f6 g1e2 d7d5,0.077768,0.919509,0.025048,0.488114,0.196118,0.206251,0.275,0.02628,0.580169,0.237987
King's Pawn Opening,3,C20,1. e4 e5 2. Qe2 Nc6 3. c3 Nf6 4. Nf3 Bc5 5. d4 exd4 6. cxd4 Nxd4,e2e4 e7e5 d1e2 b8c6 c2c3 g8f6 g1f3 f8c5 d2d4 e5d4 c3d4 c6d4,0.071064,0.919504,0.024333,0.498333,0.1375,0.22054,0.2875,0.020417,0.56381,0.57938
Kádas Opening,9,A00,1. h4 d5 2. d4 c5 3. Nf3 cxd4 4. c3,h2h4 d7d5 d2d4 c7c5 g1f3 c5d4 c2c3,0.092781,0.923319,0.028963,0.423102,0.198611,0.165183,0.138194,0.031471,0.573752,0.426396
Lasker Simul Special,1,A00,1. g3 h5,g2g3 h7h5,0.006182,0.979751,0.029,0.4225,0.3575,0.135195,0.05,0.0,0.615213,0.0
Latvian Gambit,17,C40;C44,1. e4 e5 2. Nf3 f5 3. Bc4 fxe4 4. Nxe5 Qg5 5. Nf7 Qxg2 6. Rf1 d5 7. Nxh8 Nf6,e2e4 e7e5 g1f3 f7f5 f1c4 f5e4 f3e5 d8g5 e5f7 g5g2 h1f1 d7d5 f7h8 g8f6,0.189907,0.850925,0.027627,0.486936,0.289559,0.233793,0.259926,0.04511,0.543775,0.463435
Latvian Gambit Accepted,9,C40,1. e4 e5 2. Nf3 f5 3. Nxe5 Qf6 4. d4 d6 5. Nc4 fxe4 6. Qh5+ g6 7. Qe2,e2e4 e7e5 g1f3 f7f5 f3e5 d8f6 d2d4 d7d6 e5c4 f5e4 d1h5 g7g6 h5e2,0.177946,0.848989,0.023889,0.505556,0.406389,0.252146,0.179861,0.018472,0.532894,0.426396
Lemming Defense,1,B00,1. e4 Na6,e2e4 b8a6,0.023111,0.972855,0.027,0.455,0.3575,0.151492,0.05,0.0,0.613955,0.0
Lion Defense,6,B00;B07,1. e4 d6 2. d4 Nf6 3. Nc3 Nbd7 4. f4 e5 5. Nf3 exd4 6. Qxd4 c6 7. Bc4 d5,e2e4 d7d6 d2d4 g8f6 b1c3 b8d7 f2f4 e7e5 g1f3 e5d4 d1d4 c7c6 f1c4 d6d5,0.056564,0.925686,0.029639,0.463472,0.275,0.203546,0.125,0.004375,0.593284,0.484196
London System,4,A48;D02,1. d4 Nf6 2. Nf3 d5 3. Bf4 c5 4. e3 Qb6 5. Nc3,d2d4 g8f6 g1f3 d7d5 c1f4 c7c5 e2e3 d8b6 b1c3,0.03285,0.962719,0.02125,0.548438,0.11,0.188527,0.1125,0.0,0.609637,0.405639
"London System, with Bd3",1,A48,1. d4 Nf6 2. Nf3 g6 3. Bf4 Bg7 4. e3 d6 5. Bd3,d2d4 g8f6 g1f3 g7g6 c1f4 f8g7 e2e3 d7d6 f1d3,0.015927,0.968752,0.017,0.6175,0.0,0.187104,0.05,0.0,0.616277,0.0
"London System, with Be2",3,A48,1. d4 Nf6 2. Nf3 g6 3. Bf4 Bg7 4. e3 d6 5. h3 c5 6. Be2,d2d4 g8f6 g1f3 g7g6 c1f4 f8g7 e2e3 d7d6 h2h3 c7c5 f1e2,0.023013,0.957278,0.014167,0.68125,0.0,0.200782,0.05,0.0,0.615007,0.0
Marienbad System,2,A47,1. d4 Nf6 2. Nf3 b6 3. g3 Bb7 4. Bg2 c5 5. c4 cxd4 6. Qxd4,d2d4 g8f6 g1f3 b7b6 g2g3 c8b7 f1g2 c7c5 c2c4 c5d4 d1d4,0.0508,0.955601,0.02,0.56875,0.0,0.191559,0.11875,0.0,0.584377,1.0
Mexican Defense,2,A50,1. d4 Nf6 2. c4 Nc6 3. d5 Ne5 4. f4,d2d4 g8f6 c2c4 b8c6 d4d5 c6e5 f2f4,0.051855,0.949589,0.026666,0.460417,0.0,0.167318,0.05,0.013125,0.60441,0.0
Mieses Opening,4,A00,1. d3 c5 2. Nc3 Nc6 3. g3,d2d3 c7c5 b1c3 b8c6 g2g3,0.004682,0.984757,0.028333,0.433333,0.089375,0.141913,0.05,0.0,0.616194,0.0
Mikenas Defense,4,A40,1. d4 Nc6 2. c4 e5 3. dxe5 Nxe5 4. Nc3 Nxc4,d2d4 b8c6 c2c4 e7e5 d4e5 c6e5 b1c3 e5c4,0.065072,0.928933,0.026833,0.457708,0.268125,0.183202,0.103125,0.00875,0.582701,0.405639
Modern Defense,39,A04;A40;A41;A42;B06;B07;B27,1. e4 g6 2. d4 Bg7 3. Nc3 d6 4. Nf3 c6 5. Bg5 Qb6 6. Qd2 Qxb2,e2e4 g7g6 d2d4 f8g7 b1c3 d7d6 g1f3 c7c6 c1g5 d8b6 d1d2 b6b2,0.047235,0.944447,0.024538,0.506293,0.204252,0.186864,0.094551,0.025782,0.599212,0.253087
Montevideo Defense,1,A40,1. d4 Nc6 2. d5 Nb8,d2d4 b8c6 d4d5 c6b8,0.013018,0.977534,0.029,0.4225,0.0,0.152116,0.05,0.0,0.615117,0.0
Neo-Grünfeld Defense,15,D70;D71;D72;D73;D74;D75;D76;D77;D78;D79,1. d4 Nf6 2. c4 g6 3. Nc3 Bg7 4. Nf3 O-O 5. g3 d5 6. cxd5 Nxd5 7. Bg2 c5 8. O-O,d2d4 g8f6 c2c4 g7g6 b1c3 f8g7 g1f3 e8g8 g2g3 d7d5 c4d5 f6d5 f1g2 c7c5 e1g1,0.060143,0.948229,0.0086,0.81775,0.0,0.208803,0.25875,0.009917,0.573879,0.466564
Nimzo-Indian Defense,98,E20;E21;E22;E23;E24;E25;E26;E27;E28;E29;E30;E31;E32;E33;E34;E35;E36;E37;E38;E39;E40;E41;E42;E43;E44;E45;E46;E47;E48;E49;E50;E51;E52;E53;E54;E55;E56;E57;E58;E59,1. d4 Nf6 2. c4 e6 3. Nc3 Bb4 4. e3 O-O 5. Bd3 d5 6. a3 Bxc3+ 7. bxc3 dxc4 8. Bxc4 c5 9. Nf3 Nc6 10. O-O Qc7 11. Qc2,d2d4 g8f6 c2c4 e7e6 b1c3 f8b4 e2e3 e8g8 f1d3 d7d5 a2a3 b4c3 b2c3 d5c4 d3c4 c7c5 g1f3 b8c6 e1g1 d8c7 d1c2,0.106614,0.897359,0.019058,0.667619,0.180621,0.232653,0.170727,0.087012,0.583581,0.394667
Nimzo-Larsen Attack,18,A01;A06,1. Nf3 d5 2. b3 Nf6 3. Bb2 c5 4. e4,g1f3 d7d5 b2b3 g8f6 c1b2 c7c5 e2e4,0.022338,0.969088,0.026796,0.45831,0.083518,0.147657,0.05,0.005833,0.612122,0.0
Nimzowitsch Defense,43,B00,1. e4 Nc6 2. Nf3 Nf6 3. e5 Ng4 4. d4 d6 5. h3 Nh6 6. e6,e2e4 b8c6 g1f3 g8f6 e4e5 f6g4 d2d4 d7d6 h2h3 g4h6 e5e6,0.064272,0.924252,0.025256,0.483343,0.21936,0.19902,0.197093,0.016198,0.576273,0.393394
Old Indian Defense,14,A41;A53;A54;A55,1. d4 Nf6 2. c4 d6 3. Nc3 e5 4. e3 Nbd7 5. Bd3,d2d4 g8f6 c2c4 d7d6 b1c3 e7e5 e2e3 b8d7 f1d3,0.03019,0.958215,0.024952,0.488274,0.161071,0.176919,0.067857,0.00375,0.610919,0.097504
Owen Defense,8,B00,1. e4 b6 2. d4 Bb7 3. Bd3 f5 4. exf5 Bxg2 5. Qh5+ g6,e2e4 b7b6 d2d4 c8b7 f1d3 f7f5 e4f5 b7g2 d1h5 g7g6,0.079835,0.930158,0.026625,0.461094,0.185625,0.177997,0.147656,0.020781,0.578454,0.516265
Paleface Attack,1,A45,1. d4 Nf6 2. f3,d2d4 g8f6 f2f3,0.009955,0.970127,0.026,0.47125,0.0,0.142633,0.05,0.0,0.611621,0.0
Petrov's Defense,50,C42;C43,1. e4 e5 2. Nf3 Nf6 3. Nxe5 d6 4. Nf3 Nxe4 5. d4 d5 6. Bd3 Bd6 7. O-O O-O 8. c4 Bg4 9. cxd5 f5 10. Re1 Bxh2+,e2e4 e7e5 g1f3 g8f6 f3e5 d7d6 e5f3 f6e4 d2d4 d6d5 f1d3 f8d6 e1g1 e8g8 c2c4 c8g4 c4d5 f7f5 f1e1 d6h2,0.138582,0.882455,0.033197,0.597267,0.0,0.24415,0.2685,0.029995,0.545762,0.537163
Philidor Defense,44,C41,1. e4 e5 2. Nf3 d6 3. d4 exd4 4. Nxd4 Nf6 5. Nc3 Be7 6. Be2 O-O 7. O-O c5 8. Nf3 Nc6 9. Bg5 Be6 10. Re1,e2e4 e7e5 g1f3 d7d6 d2d4 e5d4 f3d4 g8f6 b1c3 f8e7 f1e2 e8g8 e1g1 c7c5 d4f3 b8c6 c1g5 c8e6 f1e1,0.094954,0.892816,0.023246,0.572538,0.126875,0.24566,0.287074,0.024904,0.559731,0.428559
Pirc Defense,28,B00;B07;B08;B09,1. e4 d6 2. d4 Nf6 3. Nc3 g6 4. f4 Bg7 5. Nf3 O-O 6. e5 Nfd7 7. h4,e2e4 d7d6 d2d4 g8f6 b1c3 g7g6 f2f4 f8g7 g1f3 e8g8 e4e5 f6d7 h2h4,0.048878,0.934622,0.018137,0.619896,0.226875,0.192325,0.05,0.002437,0.609733,0.0
Polish Defense,2,A40,1. d4 b5 2. e4 Bb7 3. Bxb5,d2d4 b7b5 e2e4 c8b7 f1b5,0.053868,0.952604,0.027167,0.452291,0.187916,0.156782,0.090625,0.0175,0.581762,1.0
Polish Opening,24,A00;A05,1. b4 Nf6 2. Bb2 g6 3. c4 Bg7 4. e3 d6 5. Nf3 O-O 6. d4,b2b4 g8f6 c1b2 g7g6 c2c4 f8g7 e2e3 d7d6 g1f3 e8g8 d2d4,0.048923,0.956983,0.026562,0.464323,0.182569,0.156826,0.067708,0.003646,0.60501,0.161765
"Polish Opening, with d5",2,A00,1. b4 d5 2. Bb2 Nf6 3. Nf3,b2b4 d7d5 c1b2 g8f6 g1f3,0.011339,0.984274,0.026,0.47125,0.0,0.14728,0.05,0.0,0.615784,0.0
Ponziani Opening,16,C44,1. e4 e5 2. Nf3 Nc6 3. c3 d5 4. Bb5 dxe4 5. Nxe5 Qd5 6. Qa4,e2e4 e7e5 g1f3 b8c6 c2c3 d7d5 f1b5 d5e4 f3e5 d8d5 d1a4,0.066517,0.931963,0.022438,0.529141,0.185625,0.227892,0.2875,0.015312,0.585996,0.167141
Portuguese Opening,3,C20,1. e4 e5 2. Bb5 Bc5 3. b4,e2e4 e7e5 f1b5 f8c5 b2b4,0.078867,0.92329,0.024,0.50375,0.0,0.201324,0.3,0.0175,0.590143,0.0
Pseudo Queen's Indian Defense,2,A47,1. d4 Nf6 2. Nf3 b6 3. e3 Bb7 4. Bd3 e6 5. Nbd2 c5 6. b3 Be7,d2d4 g8f6 g1f3 b7b6 e2e3 c8b7 f1d3 e7e6 b1d2 c7c5 b2b3 f8e7,0.029721,0.96807,0.02,0.56875,0.0,0.181924,0.05,0.0,0.61383,0.0
Pterodactyl Defense,34,A40;A42;B06;B27,1. d4 g6 2. c4 Bg7 3. Nc3 c5 4. d5 d6 5. e4 Bxc3+ 6. bxc3 Qa5,d2d4 g7g6 c2c4 f8g7 b1c3 c7c5 d4d5 d7d6 e2e4 g7c3 b2c3 d8a5,0.094294,0.89299,0.023569,0.51076,0.211103,0.202727,0.1375,0.052471,0.580148,0.353957
Queen's Gambit,1,D06,1. d4 d5 2. c4,d2d4 d7d5 c2c4,0.029379,0.970626,0.029,0.4225,0.0,0.168505,0.3,0.02625,0.600165,0.0
Queen's Gambit Accepted,51,D20;D21;D22;D23;D24;D25;D26;D27;D28;D29,1. d4 d5 2. c4 dxc4 3. Nf3 Nf6 4. e3 e6 5. Bxc4 c5 6. O-O a6 7. Qe2 b5 8. Bb3 Nc6 9. Rd1 c4 10. Bc2 Nb4 11. Nc3 Nxc2 12. Qxc2 Bb7 13. d5 Qc7,d2d4 d7d5 c2c4 d5c4 g1f3 g8f6 e2e3 e7e6 f1c4 c7c5 e1g1 a7a6 d1e2 b7b5 c4b3 b8c6 f1d1 c5c4 b3c2 c6b4 b1c3 b4c2 e2c2 c8b7 d4d5 d8c7,0.100486,0.895687,0.029993,0.536479,0.063268,0.238896,0.234559,0.035696,0.530255,0.336657
Queen's Gambit Declined,171,D02;D06;D07;D08;D09;D30;D31;D32;D34;D35;D36;D37;D38;D39;D40;D41;D42;D50;D51;D52;D53;D54;D55;D56;D57;D58;D59;D60;D61;D62;D63;D64;D65;D66;D67;D68;D69,1. d4 d5 2. c4 e6 3. Nc3 Nf6 4. Bg5 Be7 5. e3 O-O 6. Nf3 Nbd7 7. Rc1 c6 8. Bd3 dxc4 9. Bxc4 Nd5 10. Bxe7 Qxe7 11. O-O Nxc3 12. Rxc3 e5 13. dxe5 Nxe5 14. Nxe5 Qxe5,d2d4 d7d5 c2c4 e7e6 b1c3 g8f6 c1g5 f8e7 e2e3 e8g8 g1f3 b8d7 a1c1 c7c6 f1d3 d5c4 d3c4 f6d5 g5e7 d8e7 e1g1 d5c3 c1c3 e6e5 d4e5 d7e5 f3e5 e7e5,0.128572,0.884397,0.028131,0.570809,0.174391,0.251357,0.282346,0.023868,0.558863,0.327864
Queen's Indian Accelerated,1,A50,1. d4 Nf6 2. c4 b6,d2d4 g8f6 c2c4 b7b6,0.003818,0.986493,0.026,0.47125,0.0,0.151141,0.05,0.0,0.616362,0.0
Queen's Indian Defense,53,E12;E13;E14;E15;E16;E17;E18;E19,1. d4 Nf6 2. c4 e6 3. Nf3 b6 4. e3 Bb7 5. Bd3 c5 6. Nc3 cxd4 7. exd4 Be7 8. O-O d5 9. cxd5 Nxd5,d2d4 g8f6 c2c4 e7e6 g1f3 b7b6 e2e3 c8b7 f1d3 c7c5 b1c3 c5d4 e3d4 f8e7 e1g1 d7d5 c4d5 f6d5,0.060414,0.929855,0.019425,0.626179,0.007783,0.201867,0.107429,0.003335,0.592468,0.25833
"Queen's Indian Defense, with e3",14,E14,1. d4 Nf6 2. Nf3 e6 3. e3 b6 4. Bd3 Bb7 5. Nbd2 c5 6. b3 Be7 7. Bb2 d6 8. O-O O-O 9. c4,d2d4 g8f6 g1f3 e7e6 e2e3 b7b6 f1d3 c8b7 b1d2 c7c5 b2b3 f8e7 c1b2 d7d6 e1g1 e8g8 c2c4,0.068233,0.915819,0.011179,0.781161,0.0,0.232706,0.198214,0.019911,0.59939,0.340351
"Queen's Indian Defense, with e3, Bb4+ Line",1,E14,1. d4 Nf6 2. c4 e6 3. Nf3 Bb4+ 4. Nbd2 b6 5. e3 Bb7,d2d4 g8f6 c2c4 e7e6 g1f3 f8b4 b1d2 b7b6 e2e3 c8b7,0.072821,0.885259,0.02,0.56875,0.0,0.174707,0.05,0.0,0.606371,0.0
Queen's Pawn Game,68,A40;A41;A43;A45;A46;A48;A80;D00;D02;D03;D04;D05,1. d4 Nf6 2. Nf3 e6 3. e3 b6 4. Bd3 Bb7 5. O-O c5 6. b3 Be7 7. Bb2 O-O 8. Nbd2 d5,d2d4 g8f6 g1f3 e7e6 e2e3 b7b6 f1d3 c8b7 e1g1 c7c5 b2b3 f8e7 c1b2 e8g8 b1d2 d7d5,0.034427,0.958134,0.023676,0.512132,0.153272,0.194528,0.278493,0.005919,0.596182,0.130733
"Queen's Pawn, Mengarini Attack",1,E60,1. d4 Nf6 2. c4 g6 3. Qc2,d2d4 g8f6 c2c4 g7g6 d1c2,0.002455,0.990422,0.025333,0.482083,0.375833,0.155018,0.05,0.0,0.618047,0.0
Rapport-Jobava System,3,D01,1. d4 d5 2. Nc3 Nf6 3. Bf4 e6,d2d4 d7d5 b1c3 g8f6 c1f4 e7e6,0.005925,0.975414,0.022,0.53625,0.44,0.207613,0.3,0.0,0.604795,0.0
"Rapport-Jobava System, with e6",1,D01,1. d4 d5 2. Nc3 e6 3. Bf4,d2d4 d7d5 b1c3 e7e6 c1f4,0.00702,0.97504,0.025,0.4875,0.3575,0.201426,0.3,0.0,0.603642,0.0
Rat Defense,11,A41;A82;B00;B06;C00,1. d4 d6 2. c4 e5 3. dxe5 Nc6,d2d4 d7d6 c2c4 e7e5 d4e5 b8c6,0.056317,0.935933,0.028,0.43875,0.2925,0.174949,0.099432,0.014318,0.58764,0.244361
Richter-Veresov Attack,8,D01,1. d4 Nf6 2. Nc3 d5 3. Bg5 c5 4. Bxf6 gxf6 5. e4 dxe4 6. d5,d2d4 g8f6 b1c3 d7d5 c1g5 c7c5 g5f6 g7f6 e2e4 d5e4 d4d5,0.056705,0.940471,0.022167,0.533542,0.435417,0.220488,0.307031,0.057172,0.586635,0.181188
Robatsch Defense,1,A41,1. d4 d6 2. Nf3 g6 3. c4 Bg7 4. e4 Bg4,d2d4 d7d6 g1f3 g7g6 c2c4 f8g7 e2e4 c8g4,0.028882,0.958171,0.023,0.52,0.0,0.183464,0.05,0.0,0.61311,0.0
Rubinstein Opening,6,D05,1. d4 d5 2. Nf3 Nf6 3. e3 e6 4. Bd3 Bd6 5. O-O O-O 6. b3 Nbd7 7. Bb2 c6 8. Nbd2,d2d4 d7d5 g1f3 g8f6 e2e3 e7e6 f1d3 f8d6 e1g1 e8g8 b2b3 b8d7 c1b2 c7c6 b1d2,0.065833,0.910175,0.003333,0.928125,0.0,0.24932,0.3,0.004375,0.59745,0.0
Ruy Lopez,234,C60;C61;C62;C63;C64;C65;C66;C67;C68;C69;C70;C71;C72;C73;C74;C75;C76;C77;C78;C79;C80;C81;C82;C83;C84;C85;C86;C87;C88;C89;C90;C91;C92;C93;C94;C95;C96;C97;C98;C99,1. e4 e5 2. Nf3 Nc6 3. Bb5 a6 4. Ba4 Nf6 5. O-O Be7 6. Re1 b5 7. Bb3 O-O 8. c3 d5 9. exd5 Nxd5 10. Nxe5 Nxe5 11. Rxe5 c6 12. d4 Bd6 13. Re1 Qh4 14. g3 Qh3 15. Be3 Bg4 16. Qd3 Rae8 17. Nd2 Re6 18. a4 Qh5,e2e4 e7e5 g1f3 b8c6 f1b5 a7a6 b5a4 g8f6 e1g1 f8e7 f1e1 b7b5 a4b3 e8g8 c2c3 d7d5 e4d5 f6d5 f3e5 c6e5 e1e5 c7c6 d2d4 e7d6 e5e1 d8h4 g2g3 h4h3 c1e3 c8g4 d1d3 a8e8 b1d2 e8e6 a2a4 h3h5,0.108716,0.897449,0.022161,0.722607,0.108903,0.252516,0.291373,0.053358,0.573231,0.33145
Réti Opening,33,A09;A11;A12;A14,1. Nf3 d5 2. c4 e6 3. g3 Nf6 4. Bg2 Be7 5. O-O O-O 6. b3 c6 7. Bb2,g1f3 d7d5 c2c4 e7e6 g2g3 g8f6 f1g2 f8e7 e1g1 e8g8 b2b3 c7c6 c1b2,0.05074,0.948268,0.022222,0.539078,0.070556,0.177243,0.07197,0.007424,0.600613,0.105629
Saragossa Opening,1,A00,1. c3,c2c3,0.006273,0.980793,0.029,0.4225,0.0,0.13238,0.05,0.0,0.615905,0.0
Scandinavian Defense,45,B01,1. e4 d5 2. exd5 Qxd5 3. Nc3 Qd6 4. d4 Nf6 5. Bc4 c6 6. Nge2 Bf5 7. Bf4 Qb4,e2e4 d7d5 e4d5 d8d5 b1c3 d5d6 d2d4 g8f6 f1c4 c7c6 g1e2 c8f5 c1f4 d6b4,0.181568,0.834437,0.02557,0.483426,0.127111,0.235977,0.252222,0.028272,0.522808,0.33237
Scotch Game,53,C44;C45,1. e4 e5 2. Nf3 Nc6 3. d4 exd4 4. Nxd4 Bc5 5. Be3 Qf6 6. c3 Nge7 7. Qd2 d5 8. Nb5 Bxe3 9. Qxe3 O-O 10. Nxc7 Rb8 11. Nxd5 Nxd5 12. exd5 Nb4,e2e4 e7e5 g1f3 b8c6 d2d4 e5d4 f3d4 f8c5 c1e3 d8f6 c2c3 g8e7 d1d2 d7d5 d4b5 c5e3 d2e3 e8g8 b5c7 a8b8 c7d5 e7d5 e4d5 c6b4,0.156142,0.846407,0.037682,0.544292,0.211179,0.265971,0.267335,0.033462,0.524385,0.424723
Semi-Slav Defense,68,D30;D31;D43;D44;D45;D46;D47;D48;D49,1. d4 d5 2. c4 c6 3. Nc3 Nf6 4. Nf3 e6 5. e3 Nbd7 6. Bd3 dxc4 7. Bxc4 b5 8. Bd3 a6 9. e4 c5 10. e5 cxd4 11. Nxb5 Nxe5 12. Nxe5 axb5 13. O-O Qd5 14. Qe2 Ba6 15. Bg5,d2d4 d7d5 c2c4 c7c6 b1c3 g8f6 g1f3 e7e6 e2e3 b8d7 f1d3 d5c4 d3c4 b7b5 c4d3 a7a6 e3e4 c6c5 e4e5 c5d4 c3b5 d7e5 f3e5 a6b5 e1g1 d8d5 d1e2 c8a6 c1g5,0.102176,0.894844,0.070554,0.475944,0.072794,0.264912,0.304871,0.037511,0.5496,0.417814
Semi-Slav Defense Accepted,1,D44,1. d4 d5 2. c4 c6 3. Nf3 Nf6 4. Nc3 e6 5. Bg5 dxc4,d2d4 d7d5 c2c4 c7c6 g1f3 g8f6 b1c3 e7e6 c1g5 d5c4,0.10568,0.915424,0.023,0.52,0.0,0.238064,0.23125,0.06125,0.523258,0.0
Sicilian Defense,381,B20;B21;B22;B23;B24;B25;B26;B27;B28;B29;B30;B31;B32;B33;B34;B35;B36;B37;B38;B39;B40;B41;B42;B43;B44;B45;B46;B47;B48;B49;B50;B51;B52;B53;B54;B55;B56;B57;B58;B59;B60;B61;B62;B63;B64;B65;B66;B67;B68;B69;B70;B71;B72;B73;B74;B75;B76;B77;B78;B79;B80;B81;B82;B83;B84;B85;B86;B87;B88;B89;B90;B91;B92;B93;B94;B95;B96;B97;B98;B99,1. e4 c5 2. Nc3 d6 3. f4 Nc6 4. Nf3 g6 5. d4 cxd4 6. Nxd4 Bg7 7. Be3 Nf6 8. Be2 O-O 9. Nb3 Be6 10. O-O Na5 11. f5 Bc4 12. Nxa5 Bxe2 13. Qxe2 Qxa5 14. g4,e2e4 c7c5 b1c3 d7d6 f2f4 b8c6 g1f3 g7g6 d2d4 c5d4 f3d4 f8g7 c1e3 g8f6 f1e2 e8g8 d4b3 c8e6 e1g1 c6a5 f4f5 e6c4 b3a5 c4e2 d1e2 d8a5 g2g4,0.097356,0.904567,0.030776,0.530512,0.160503,0.220651,0.177116,0.016755,0.559185,0.288743
Slav Defense,50,D10;D11;D12;D13;D14;D15;D16;D17;D18;D19,1. d4 d5 2. c4 c6 3. Nf3 Nf6 4. Nc3 dxc4 5. a4 Bf5 6. Ne5 Nbd7 7. Nxc4 Qc7 8. g3 e5 9. dxe5 Nxe5 10. Bf4 Nfd7 11. Bg2 g5,d2d4 d7d5 c2c4 c7c6 g1f3 g8f6 b1c3 d5c4 a2a4 c8f5 f3e5 b8d7 e5c4 d8c7 g2g3 e7e5 d4e5 d7e5 c1f4 f6d7 f1g2 g7g5,0.09523,0.916841,0.03074,0.501475,0.084333,0.233251,0.274,0.01946,0.554827,0.350016
Slav Indian,2,A40;A50,1. d4 c6 2. Nf3 Nf6 3. c4 b5,d2d4 c7c6 g1f3 g8f6 c2c4 b7b5,0.039516,0.959428,0.0245,0.495625,0.0,0.159812,0.05,0.0,0.611641,0.0
Sodium Attack,4,A00,1. Na3 e5 2. d3 Bxa3 3. bxa3 d5 4. e3 c5 5. Rb1,b1a3 e7e5 d2d3 f8a3 b2a3 d7d5 e2e3 c7c5 a1b1,0.060961,0.931009,0.02625,0.467188,0.17875,0.177929,0.154687,0.07625,0.601262,0.75
St. George Defense,4,B00,1. e4 a6 2. d4 b5 3. Nf3 Bb7 4. Bd3 d6 5. O-O g6 6. c3 Bg7,e2e4 a7a6 d2d4 b7b5 g1f3 c8b7 f1d3 d7d6 e1g1 g7g6 c2c3 f8g7,0.034899,0.94764,0.022958,0.533958,0.093958,0.173427,0.1125,0.006562,0.60758,0.405639
Tarrasch Defense,26,D32;D33;D34,1. d4 d5 2. c4 e6 3. Nc3 c5 4. cxd5 exd5 5. Nf3 Nc6 6. g3 Nf6 7. Bg2 Be7 8. O-O O-O 9. Bg5 cxd4 10. Nxd4 h6 11. Be3 Re8 12. Rc1 Be6,d2d4 d7d5 c2c4 e7e6 b1c3 c7c5 c4d5 e6d5 g1f3 b8c6 g2g3 g8f6 f1g2 f8e7 e1g1 e8g8 c1g5 c5d4 f3d4 h7h6 g5e3 f8e8 a1c1 c8e6,0.13853,0.870114,0.023731,0.661154,0.098365,0.269382,0.345433,0.01326,0.526176,0.446734
Three Knights Opening,6,C46,1. e4 e5 2. Nf3 Nc6 3. Nc3 g6 4. d4 exd4 5. Nd5,e2e4 e7e5 g1f3 b8c6 b1c3 g7g6 d2d4 e5d4 c3d5,0.046984,0.942313,0.023167,0.517292,0.275,0.215184,0.288542,0.011958,0.58535,0.251463
Torre Attack,6,A46;A48,1. d4 Nf6 2. Nf3 e6 3. Bg5 c5 4. e3 b6 5. d5,d2d4 g8f6 g1f3 e7e6 c1g5 c7c5 e2e3 b7b6 d4d5,0.048097,0.951603,0.022333,0.530833,0.077917,0.173222,0.05,0.01225,0.609768,0.0
Trompowsky Attack,10,A45,1. d4 Nf6 2. Bg5 Ne4 3. Bh4 c6 4. Nd2 Qa5 5. c3 Nxd2 6. Qxd2 d5 7. e4,d2d4 g8f6 c1g5 f6e4 g5h4 c7c6 b1d2 d8a5 c2c3 e4d2 d1d2 d7d5 e2e4,0.066288,0.937776,0.023467,0.512417,0.418917,0.1857,0.105625,0.0368,0.604548,0.348225
Valencia Opening,1,A00,1. d3 e5 2. Nd2,d2d3 e7e5 b1d2,0.002182,0.991861,0.027,0.455,0.3575,0.148498,0.05,0.0,0.617737,0.0
Van Geet Opening,33,A00;B00;B01;C31,1. Nc3 d5 2. f4 d4 3. Ne4 f5 4. Nf2 Nf6 5. Nf3 c5 6. b4,b1c3 d7d5 f2f4 d5d4 c3e4 f7f5 e4f2 g8f6 g1f3 c7c5 b2b4,0.094592,0.907368,0.025899,0.472891,0.248056,0.181856,0.126136,0.024394,0.572961,0.327356
Van't Kruijs Opening,5,A00,1. e3 e5 2. Nc3 Nf6 3. f4 exf4 4. Nf3,e2e3 e7e5 b1c3 g8f6 f2f4 e5f4 g1f3,0.081935,0.921869,0.0262,0.468,0.154,0.192018,0.15875,0.0525,0.560105,0.418166
"Vienna Gambit, with Max Lange Defense",15,C25,1. e4 e5 2. f4 exf4 3. Nf3 Nc6 4. Nc3 g5 5. h4 g4 6. Ng5 h6 7. Nxf7 Kxf7 8. d4,e2e4 e7e5 f2f4 e5f4 g1f3 b8c6 b1c3 g7g5 h2h4 g5g4 f3g5 h7h6 g5f7 e8f7 d2d4,0.110002,0.87256,0.097478,0.412583,0.0825,0.239131,0.266667,0.057218,0.517121,0.433151
Vienna Game,41,C25;C26;C27;C28;C29,1. e4 e5 2. Nc3 Nf6 3. Bc4 Nxe4 4. Qh5 Nd6 5. Bb3 Nc6 6. Nb5 g6 7. Qf3 f5 8. Qd5 Qe7 9. Nxc7+ Kd8 10. Nxa8 b6,e2e4 e7e5 b1c3 g8f6 f1c4 f6e4 d1h5 e4d6 c4b3 b8c6 c3b5 g7g6 h5f3 f7f5 f3d5 d8e7 b5c7 e8d8 c7a8 b7b6,0.105824,0.890864,0.034577,0.52373,0.26561,0.241328,0.276067,0.027948,0.561714,0.427972
Vulture Defense,1,A56,1. d4 Nf6 2. c4 c5 3. d5 Ne4,d2d4 g8f6 c2c4 c7c5 d4d5 f6e4,0.037342,0.94999,0.026,0.47125,0.0,0.162657,0.05,0.0,0.611892,0.0
Wade Defense,1,A41,1. d4 d6 2. Nf3 Bg4,d2d4 d7d6 g1f3 c8g4,0.013345,0.980353,0.024,0.50375,0.4125,0.152563,0.05,0.0,0.615319,0.0
Ware Defense,2,B00,1. e4 a5 2. d4 Nc6,e2e4 a7a5 d2d4 b8c6,0.001618,0.992878,0.028667,0.427917,0.17875,0.152792,0.05,0.0,0.617264,0.0
Ware Opening,7,A00,1. a4 e5 2. a5 d5 3. e3 f5 4. a6,a2a4 e7e5 a4a5 d7d5 e2e3 f7f5 a5a6,0.041079,0.954502,0.029,0.4225,0.0,0.155784,0.105357,0.015462,0.595791,0.409223
Yusupov-Rubinstein System,1,A46,1. d4 Nf6 2. Nf3 e6 3. e3,d2d4 g8f6 g1f3 e7e6 e2e3,0.017727,0.972218,0.023,0.52,0.0,0.161942,0.05,0.0,0.61547,0.0
Zaire Defense,1,A40,1. d4 Nc6 2. d5 Nb8 3. e4 Nf6 4. e5 Ng8,d2d4 b8c6 d4d5 c6b8 e2e4 g8f6 e4e5 f6g8,0.032128,0.950613,0.029,0.4225,0.0,0.174135,0.05,0.0,0.611732,0.0
Zukertort Defense,2,A04,1. Nf3 Nh6 2. d4 g6,g1f3 g8h6 d2d4 g7g6,0.023775,0.974976,0.024167,0.501042,0.187916,0.147394,0.05,0.0,0.614201,0.0
Zukertort Opening,47,A04;A05;A06;A08;A41,1. Nf3 Nf6 2. g3 g6 3. b3 Bg7 4. Bb2 O-O 5. Bg2 d6 6. O-O,g1f3 g8f6 g2g3 g7g6 b2b3 f8g7 c1b2 e8g8 f1g2 d7d6 e1g1,0.041018,0.956708,0.023957,0.508963,0.072748,0.157334,0.090027,0.010426,0.600679,0.174839
