opening_name,line_count,eco_values,representative_pgn,representative_uci,raw_tactical_density,raw_quiet_position_density,raw_king_safety_risk,raw_early_castling_tendency,raw_opposite_side_castling_tendency,raw_middlegame_complexity,raw_pawn_structure_sharpness,raw_material_imbalance,raw_endgame_likelihood_proxy,raw_white_tactical_density,raw_white_quiet_position_density,raw_white_king_safety_risk,raw_white_early_castling_tendency,raw_white_opposite_side_castling_tendency,raw_white_middlegame_complexity,raw_white_pawn_structure_sharpness,raw_white_material_imbalance,raw_white_endgame_likelihood_proxy,raw_black_tactical_density,raw_black_quiet_position_density,raw_black_king_safety_risk,raw_black_early_castling_tendency,raw_black_opposite_side_castling_tendency,raw_black_middlegame_complexity,raw_black_pawn_structure_sharpness,raw_black_material_imbalance,raw_black_endgame_likelihood_proxy,tactical_density,quiet_position_density,king_safety_risk,early_castling_tendency,opposite_side_castling_tendency,middlegame_complexity,pawn_structure_sharpness,material_imbalance,endgame_likelihood_proxy,white_tactical_density,white_quiet_position_density,white_king_safety_risk,white_early_castling_tendency,white_opposite_side_castling_tendency,white_middlegame_complexity,white_pawn_structure_sharpness,white_material_imbalance,white_endgame_likelihood_proxy,black_tactical_density,black_quiet_position_density,black_king_safety_risk,black_early_castling_tendency,black_opposite_side_castling_tendency,black_middlegame_complexity,black_pawn_structure_sharpness,black_material_imbalance,black_endgame_likelihood_proxy,raw_final_structure_entropy,final_structure_entropy,raw_structure_diversity,structure_diversity,structure_distribution
Alekhine Defense,5,B02,1. e4 Nf6 2. e5 Nd5 3. c4 Nb6 4. c5 Nd5 5. Bc4 e6 6. Nc3,e2e4 g8f6 e4e5 f6d5 c2c4 d5b6 c4c5 b6d5 f1c4 e7e6 b1c3,0.122606,0.985752,0.029,0.468,0.154,0.37786,0.05,0.0,0.606025,0.100744,0.989763,0.029,0.455,0.154,0.37786,0.0375,0.0,0.612905,0.014785,0.989763,0.029,0.481,0.154,0.37786,0.0375,0.0,0.615498,0.578231,0.537415,0.578231,0.435374,0.642857,0.537415,0.251701,0.231293,0.517007,0.571429,0.598639,0.62585,0.442177,0.642857,0.537415,0.255102,0.231293,0.55102,0.306122,0.557823,0.690476,0.530612,0.642857,0.537415,0.258503,0.231293,0.687075,0.310918,0.310918,0.310918,0.310918,"{""0|0|0|0|0|0|1|1|0|0|0|0|0"":4,""0|0|0|0|0|0|1|1|0|0|0|0|1"":1}"
Amar Opening,3,A00,1. Nh3 d5 2. g3 e5 3. f4 Bxh3 4. Bxh3 exf4 5. O-O fxg3 6. hxg3,g1h3 d7d5 g2g3 e7e5 f2f4 c8h3 f1h3 e5f4 e1g1 f4g3 h2g3,0.241394,0.9886,0.093333,0.554861,0.1375,0.369302,0.146875,0.200625,0.612264,0.157741,0.990789,0.093333,0.665556,0.1375,0.369302,0.15,0.2875,0.61387,0.205782,0.988522,0.029,0.444167,0.1375,0.369302,0.09375,0.2875,0.61657,0.727891,0.680272,0.952381,0.891156,0.561224,0.408163,0.544218,0.979592,0.585034,0.693878,0.680272,0.965986,0.965986,0.561224,0.408163,0.605442,0.979592,0.564626,0.816327,0.47619,0.690476,0.360544,0.561224,0.408163,0.534014,0.979592,0.789116,0.57938,0.57938,0.57938,0.57938,"{""0|0|0|0|0|0|1|1|0|0|0|0|0"":2,""1|0|0|0|0|0|2|2|0|2|1|0|0"":1}"
Amazon Attack,2,A45;D00,1. d4 Nf6 2. Nc3 d5 3. Qd3,d2d4 g8f6 b1c3 d7d5 d1d3,0.011716,0.992481,0.029,0.495625,0.39875,0.353313,0.3,0.0,0.60156,0.025701,0.992674,0.025,0.52,0.39875,0.353313,0.2875,0.0,0.599953,0.004945,0.993888,0.029,0.47125,0.39875,0.353313,0.2875,0.0,0.602163,0.238095,0.809524,0.578231,0.639456,0.938776,0.244898,0.87415,0.231293,0.435374,0.380952,0.768707,0.302721,0.755102,0.938776,0.244898,0.87415,0.231293,0.360544,0.22449,0.823129,0.690476,0.465986,0.938776,0.244898,0.863946,0.231293,0.414966,0.0,0.0,0.0,0.0,"{""0|0|0|0|0|0|1|1|0|0|0|0|1"":2}"
Amsterdam Attack,1,A00,1. e3 e5 2. c4 d6 3. Nc3 Nc6 4. b3 Nf6,e2e3 e7e5 c2c4 d7d6 b1c3 b8c6 b2b3 g8f6,0.002455,0.995599,0.027667,0.482083,0.375833,0.390465,0.05,0.0,0.616328,0.002245,0.996157,0.027667,0.444167,0.375833,0.390465,0.0375,0.0,0.616364,0.002245,0.996157,0.023,0.52,0.375833,0.390465,0.0375,0.0,0.617064,0.020408,0.911565,0.255102,0.554422,0.914966,0.646259,0.251701,0.231293,0.816327,0.040816,0.918367,0.346939,0.391156,0.914966,0.646259,0.255102,0.231293,0.734694,0.027211,0.931973,0.180272,0.768707,0.914966,0.646259,0.258503,0.231293,0.857143,0.0,0.0,0.0,0.0,"{""0|0|0|0|0|0|1|1|0|0|0|0|0"":1}"
Anderssen's Opening,2,A00,1. a3 a5 2. b4,a2a3 a7a5 b2b4,0.048102,0.982714,0.029,0.4225,0.0,0.322845,0.05,0.019688,0.612587,0.03062,0.987876,0.029,0.4225,0.0,0.322845,0.0375,0.0375,0.613995,0.03062,0.987876,0.029,0.4225,0.0,0.322845,0.0375,0.0375,0.613995,0.340136,0.367347,0.578231,0.091837,0.204082,0.006803,0.251701,0.517007,0.605442,0.394558,0.421769,0.62585,0.146259,0.204082,0.006803,0.255102,0.517007,0.578231,0.367347,0.414966,0.690476,0.132653,0.204082,0.006803,0.258503,0.517007,0.585034,0.0,0.0,0.0,0.0,"{""0|0|0|0|0|0|1|1|0|0|0|0|0"":2}"
Australian Defense,1,A40,1. d4 Na6,d2d4 b8a6,0.008455,0.990269,0.029,0.455,0.3575,0.3285,0.05,0.0,0.614822,0.003144,0.992682,0.029,0.4225,0.3575,0.3285,0.0375,0.0,0.615725,0.003144,0.992682,0.025,0.4875,0.3575,0.3285,0.0375,0.0,0.616325,0.163265,0.758503,0.578231,0.346939,0.880952,0.027211,0.251701,0.231293,0.673469,0.156463,0.778912,0.62585,0.146259,0.880952,0.027211,0.255102,0.231293,0.687075,0.136054,0.755102,0.357143,0.571429,0.880952,0.027211,0.258503,0.231293,0.755102,0.0,0.0,0.0,0.0,"{""0|0|0|0|0|0|1|1|0|0|0|0|0"":1}"
Barnes Defense,1,B00,1. e4 f6,e2e4 f7f6,0.052091,0.985752,0.029,0.4225,0.0,0.336128,0.05,0.0,0.607749,0.047825,0.989763,0.029,0.4225,0.0,0.336128,0.0375,0.0,0.608474,0.002825,0.989763,0.029,0.4225,0.0,0.336128,0.0375,0.0,0.616124,0.360544,0.537415,0.578231,0.091837,0.204082,0.102041,0.251701,0.231293,0.52381,0.421769,0.598639,0.62585,0.146259,0.204082,0.102041,0.255102,0.231293,0.510204,0.115646,0.557823,0.690476,0.132653,0.204082,0.102041,0.258503,0.231293,0.741497,0.0,0.0,0.0,0.0,"{""0|0|0|0|0|0|1|1|0|0|0|0|0"":1}"
Barnes Opening,5,A00,1. f3 d5 2. e4 g6 3. d4 dxe4 4. c3,f2f3 d7d5 e2e4 g7g6 d2d4 d5e4 c2c3,0.25,0.984125,0.17,0.39325,0.0,0.38061,0.16875,0.06125,0.588279,0.118667,0.988029,0.17,0.351,0.0,0.38061,0.0875,0.15,0.60455,0.237737,0.987982,0.029,0.4355,0.0,0.38061,0.1875,0.15,0.598609,0.741497,0.42517,0.979592,0.013605,0.204082,0.55102,0.571429,0.891156,0.306122,0.619048,0.469388,0.996599,0.006803,0.204082,0.55102,0.52381,0.897959,0.469388,0.870748,0.462585,0.690476,0.285714,0.204082,0.55102,0.646259,0.897959,0.326531,0.418166,0.418166,0.418166,0.418166,"{""0|0|0|0|0|0|1|1|0|0|0|0|0"":3,""0|0|0|1|0|0|2|2|0|1|1|0|0"":2}"
Benko Gambit,5,A57,1. d4 Nf6 2. c4 c5 3. d5 b5 4. cxb5 a6 5. Nc3 axb5 6. e4 b4 7. Nb5 d6 8. Bc4,d2d4 g8f6 c2c4 c7c5 d4d5 b7b5 c4b5 a7a6 b1c3 a6b5 e2e4 b5b4 c3b5 d7d6 f1c4,0.363818,0.841437,0.06,0.430833,0.075167,0.432233,0.2125,0.0875,0.532611,0.268028,0.882347,0.06,0.389667,0.075167,0.432233,0.1875,0.2,0.563906,0.350751,0.80606,0.06,0.472,0.075167,0.432233,0.1875,0.2,0.554439,0.904762,0.07483,0.92517,0.217687,0.462585,0.908163,0.608844,0.938776,0.108844,0.877551,0.108844,0.942177,0.013605,0.462585,0.908163,0.64966,0.94898,0.183673,0.993197,0.027211,0.955782,0.479592,0.462585,0.908163,0.646259,0.94898,0.136054,0.827729,0.827729,0.827729,0.827729,"{""0|0|0|0|0|0|1|1|0|0|0|0|0"":2,""0|0|0|0|0|0|2|1|0|1|1|0|0"":1,""0|0|0|0|0|0|2|1|0|1|1|0|1"":1,""0|1|1|0|0|0|2|2|0|1|1|0|0"":1}"
Benko Gambit Accepted,5,A57;A58,1. d4 Nf6 2. c4 c5 3. d5 b5 4. cxb5 a6 5. bxa6 g6 6. Nc3 Bxa6 7. f4,d2d4 g8f6 c2c4 c7c5 d4d5 b7b5 c4b5 a7a6 b5a6 g7g6 b1c3 c8a6 f2f4,0.323545,0.854319,0.029,0.473417,0.075167,0.432233,0.2125,0.0875,0.492535,0.238014,0.951238,0.029,0.426833,0.075167,0.432233,0.1875,0.2,0.50483,0.290356,0.825946,0.023,0.52,0.075167,0.432233,0.1875,0.2,0.49671,0.836735,0.095238,0.578231,0.517007,0.462585,0.908163,0.608844,0.938776,0.040816,0.843537,0.197279,0.62585,0.27551,0.462585,0.908163,0.64966,0.94898,0.047619,0.945578,0.047619,0.180272,0.768707,0.462585,0.908163,0.646259,0.94898,0.020408,0.590436,0.590436,0.590436,0.590436,"{""0|0|0|0|1|0|2|1|0|1|2|0|0"":1,""0|1|1|0|0|0|2|2|0|1|1|0|0"":3,""0|1|1|0|1|0|2|2|0|1|1|0|0"":1}"
Benko Gambit Declined,5,A57,1. d4 Nf6 2. c4 c5 3. d5 b5 4. Bg5,d2d4 g8f6 c2c4 c7c5 d4d5 b7b5 c1g5,0.448818,0.800692,0.029,0.485333,0.150333,0.425478,0.05,0.02625,0.557301,0.236775,0.887711,0.029,0.450667,0.150333,0.425478,0.0375,0.05,0.580503,0.350109,0.741979,0.023,0.52,0.150333,0.425478,0.0375,0.05,0.561936,0.972789,0.020408,0.578231,0.571429,0.62585,0.897959,0.251701,0.629252,0.176871,0.836735,0.115646,0.62585,0.428571,0.62585,0.897959,0.255102,0.622449,0.217687,0.986395,0.006803,0.180272,0.768707,0.62585,0.897959,0.258503,0.622449,0.156463,0.0,0.0,0.0,0.0,"{""0|0|0|0|0|0|1|1|0|0|0|0|0"":5}"
Benoni Defense,5,A40;A43,1. d4 e6 2. c4 c5 3. d5 exd5 4. cxd5 d6 5. Nc3 g6 6. e4 Bg7 7. Nf3 Ne7,d2d4 e7e6 c2c4 c7c5 d4d5 e6d5 c4d5 d7d6 b1c3 g7g6 e2e4 f8g7 g1f3 g8e7,0.119697,0.993341,0.06,0.4285,0.0,0.355084,0.23125,0.035,0.599741,0.119865,0.996835,0.06,0.4135,0.0,0.355084,0.25,0.1,0.617314,0.119891,0.990324,0.045,0.4435,0.0,0.355084,0.15,0.1,0.599165,0.55102,0.826531,0.92517,0.197279,0.204082,0.251701,0.659864,0.785714,0.414966,0.62585,0.938776,0.942177,0.027211,0.204082,0.251701,0.731293,0.785714,0.891156,0.632653,0.588435,0.945578,0.353741,0.204082,0.251701,0.602041,0.785714,0.340136,0.655459,0.655459,0.655459,0.655459,"{""0|0|0|0|0|0|1|1|0|0|0|0|0"":2,""0|0|0|0|0|0|2|2|0|1|1|0|1"":1,""0|0|1|0|0|0|2|2|0|1|1|0|0"":2}"
Bird Opening,5,A02,1. f4 Nf6 2. Nf3 g6 3. b4,f2f4 g8f6 g1f3 g7g6 b2b4,0.199364,0.995065,0.029,0.444167,0.2145,0.338096,0.05,0.02625,0.616361,0.12295,0.996104,0.029,0.446333,0.2145,0.338096,0.0375,0.05,0.616514,0.16795,0.996104,0.029,0.442,0.2145,0.338096,0.0375,0.05,0.616514,0.687075,0.891156,0.578231,0.29932,0.748299,0.115646,0.251701,0.629252,0.823129,0.646259,0.897959,0.62585,0.401361,0.748299,0.115646,0.255102,0.622449,0.761905,0.741497,0.904762,0.690476,0.323129,0.748299,0.115646,0.258503,0.622449,0.782313,0.310918,0.310918,0.310918,0.310918,"{""0|0|0|0|0|0|1|1|0|0|0|0|0"":4,""0|0|0|0|0|0|1|1|0|0|0|0|1"":1}"
Bishop's Opening,5,C23,1. e4 e5 2. Bc4 b5 3. Bxb5 c6,e2e4 e7e5 f1c4 b7b5 c4b5 c7c6,0.15097,0.984125,0.029,0.481,0.143,0.376231,0.3,0.02625,0.603365,0.168879,0.987966,0.023,0.52,0.143,0.376231,0.2875,0.05,0.585939,0.015545,0.987966,0.029,0.442,0.143,0.376231,0.2875,0.05,0.604207,0.659864,0.42517,0.578231,0.544218,0.591837,0.52381,0.87415,0.629252,0.482993,0.734694,0.445578,0.176871,0.755102,0.591837,0.52381,0.87415,0.622449,0.238095,0.319728,0.438776,0.690476,0.323129,0.591837,0.52381,0.863946,0.622449,0.469388,0.310918,0.310918,0.310918,0.310918,"{""0|0|0|0|0|0|1|1|0|0|0|0|1"":4,""0|1|0|0|0|0|1|2|0|0|1|0|1"":1}"
Blackmar-Diemer Gambit,5,D00,1. d4 d5 2. e4 dxe4 3. Nc3 Nf6,d2d4 d7d5 e2e4 d5e4 b1c3 g8f6,0.120424,0.989672,0.029,0.455,0.154,0.387787,0.23125,0.035,0.533094,0.179699,0.990475,0.029,0.468,0.154,0.387787,0.15,0.1,0.53076,0.042497,0.990475,0.029,0.442,0.154,0.387787,0.25,0.1,0.545583,0.564626,0.717687,0.578231,0.346939,0.642857,0.632653,0.659864,0.785714,0.115646,0.768707,0.64966,0.62585,0.486395,0.642857,0.632653,0.605442,0.785714,0.081633,0.408163,0.608844,0.690476,0.323129,0.642857,0.632653,0.727891,0.785714,0.122449,0.310918,0.310918,0.310918,0.310918,"{""0|0|0|0|0|0|1|1|0|0|0|0|1"":1,""0|0|0|1|0|0|2|2|0|1|1|0|0"":4}"
Blackmar-Diemer Gambit Accepted,5,D00,1. d4 d5 2. e4 dxe4 3. Nc3 Nf6 4. f3 exf3 5. Nxf3 g6 6. Bc4 Bg7 7. O-O O-O 8. Kh1,d2d4 d7d5 e2e4 d5e4 b1c3 g8f6 f2f3 e4f3 g1f3 g7g6 f1c4 f8g7 e1g1 e8g8 g1h1,0.264727,0.887253,0.025,0.6355,0.165,0.42152,0.2625,0.1225,0.48815,0.262184,0.841455,0.025,0.616,0.165,0.42152,0.225,0.3,0.486668,0.171475,0.952672,0.023,0.655,0.165,0.42152,0.2125,0.3,0.509698,0.748299,0.129252,0.183673,0.952381,0.670068,0.884354,0.751701,0.969388,0.027211,0.863946,0.068027,0.302721,0.928571,0.670068,0.884354,0.704082,0.989796,0.020408,0.755102,0.210884,0.180272,0.962585,0.670068,0.884354,0.670068,0.989796,0.034014,0.310918,0.310918,0.310918,0.310918,"{""0|0|0|0|0|0|2|2|0|2|1|0|0"":4,""0|0|0|1|0|0|2|2|0|2|1|0|0"":1}"
Blackmar-Diemer Gambit Declined,5,D00,1. d4 d5 2. e4 dxe4 3. Nc3 Nf6 4. f3 c5,d2d4 d7d5 e2e4 d5e4 b1c3 g8f6 f2f3 c7c5,0.371242,0.818295,0.025,0.50375,0.4125,0.453158,0.275,0.06125,0.491768,0.274129,0.810697,0.025,0.4875,0.4125,0.453158,0.15,0.15,0.502699,0.227121,0.906729,0.023,0.52,0.4125,0.453158,0.3125,0.15,0.51512,0.911565,0.061224,0.183673,0.714286,0.972789,0.959184,0.761905,0.891156,0.034014,0.891156,0.040816,0.302721,0.615646,0.972789,0.959184,0.605442,0.897959,0.034014,0.843537,0.129252,0.180272,0.768707,0.972789,0.959184,0.986395,0.897959,0.040816,0.310918,0.310918,0.310918,0.310918,"{""0|0|0|1|0|0|2|2|0|1|1|0|0"":4,""0|0|0|1|0|1|2|2|0|1|1|0|0"":1}"
Blumenfeld Countergambit,3,E10,1. d4 Nf6 2. c4 e6 3. Nf3 c5 4. d5 b5 5. Bg5 exd5 6. cxd5 h6,d2d4 g8f6 c2c4 e7e6 g1f3 c7c5 d4d5 b7b5 c1g5 e6d5 c4d5 h7h6,0.392841,0.851398,0.023,0.52,0.0,0.447414,0.11875,0.030625,0.560531,0.198804,0.944503,0.023,0.52,0.0,0.447414,0.09375,0.075,0.590278,0.32672,0.804146,0.023,0.52,0.0,0.447414,0.09375,0.075,0.568992,0.918367,0.088435,0.081633,0.789116,0.204082,0.945578,0.537415,0.72449,0.197279,0.789116,0.163265,0.176871,0.755102,0.204082,0.945578,0.530612,0.717687,0.272109,0.965986,0.020408,0.180272,0.768707,0.204082,0.945578,0.534014,0.717687,0.163265,0.57938,0.57938,0.57938,0.57938,"{""0|0|0|0|0|0|1|1|0|0|0|0|0"":2,""0|0|0|0|0|0|2|2|0|1|1|0|0"":1}"
Blumenfeld Countergambit Accepted,1,E10,1. d4 Nf6 2. c4 e6 3. Nf3 c5 4. d5 b5 5. dxe6 fxe6 6. cxb5 d5,d2d4 g8f6 c2c4 e7e6 g1f3 c7c5 d4d5 b7b5 d5e6 f7e6 c4b5 d7d5,0.458,0.901216,0.025667,0.498333,0.0,0.467263,0.325,0.06125,0.425016,0.30792,0.946636,0.023,0.52,0.0,0.467263,0.2625,0.15,0.45093,0.35292,0.847203,0.025667,0.476667,0.0,0.467263,0.3,0.15,0.44288,0.979592,0.136054,0.22449,0.670068,0.204082,0.965986,0.986395,0.891156,0.006803,0.918367,0.170068,0.176871,0.755102,0.204082,0.965986,0.761905,0.897959,0.006803,1.0,0.088435,0.408163,0.517007,0.204082,0.965986,0.972789,0.897959,0.0,0.0,0.0,0.0,0.0,"{""0|1|1|0|0|0|2|3|0|2|2|0|0"":1}"
Bogo-Indian Defense,5,E11,1. d4 Nf6 2. c4 e6 3. Nf3 b6 4. g3 Bb7 5. Bg2 Bb4+ 6. Bd2 Bxd2+ 7. Qxd2 O-O 8. Nc3 Ne4 9. Qc2 Nxc3 10. Ng5,d2d4 g8f6 c2c4 e7e6 g1f3 b7b6 g2g3 c8b7 f1g2 f8b4 c1d2 b4d2 d1d2 e8g8 b1c3 f6e4 d2c2 e4c3 f3g5,0.334091,0.816494,0.169,0.58825,0.0,0.419547,0.05,0.357625,0.575565,0.160541,0.968274,0.169,0.4825,0.0,0.419547,0.0375,0.3425,0.604644,0.277921,0.810474,0.017,0.694,0.0,0.419547,0.0375,0.3425,0.58837,0.857143,0.054422,0.965986,0.92517,0.204082,0.870748,0.251701,1.0,0.231293,0.70068,0.244898,0.982993,0.591837,0.204082,0.870748,0.255102,1.0,0.482993,0.938776,0.040816,0.020408,0.972789,0.204082,0.870748,0.258503,1.0,0.238095,0.0,0.0,0.0,0.0,"{""0|0|0|0|0|0|1|1|0|0|0|0|0"":5}"
Bongcloud Attack,1,C20,1. e4 e5 2. Ke2,e2e4 e7e5 e1e2,0.011455,0.984939,0.17,0.21125,0.0,0.328114,0.3,0.0,0.578056,0.004904,0.988864,0.17,0.0,0.0,0.328114,0.2875,0.0,0.579169,0.004904,0.988864,0.029,0.4225,0.0,0.328114,0.2875,0.0,0.600319,0.231293,0.493197,0.979592,0.003401,0.204082,0.020408,0.87415,0.231293,0.251701,0.217687,0.530612,0.996599,0.0,0.204082,0.020408,0.87415,0.231293,0.204082,0.217687,0.513605,0.690476,0.132653,0.204082,0.020408,0.863946,0.231293,0.360544,0.0,0.0,0.0,0.0,"{""0|0|0|0|0|0|1|1|0|0|0|0|1"":1}"
Borg Defense,5,A40;B00,1. e4 g5 2. d4 h6 3. h4 g4,e2e4 g7g5 d2d4 h7h6 h2h4 g5g4,0.137576,0.985752,0.029,0.427917,0.2145,0.370108,0.05,0.02625,0.6028,0.01639,0.989763,0.029,0.4225,0.2145,0.370108,0.0375,0.05,0.615234,0.093056,0.989763,0.029,0.433333,0.2145,0.370108,0.0375,0.05,0.601667,0.639456,0.537415,0.578231,0.183673,0.748299,0.421769,0.251701,0.629252,0.462585,0.353741,0.598639,0.62585,0.146259,0.748299,0.421769,0.255102,0.622449,0.646259,0.57483,0.557823,0.690476,0.261905,0.748299,0.421769,0.258503,0.622449,0.387755,0.310918,0.310918,0.310918,0.310918,"{""0|0|0|0|0|0|1|1|0|0|0|0|0"":4,""0|0|0|0|0|0|1|1|0|0|0|0|1"":1}"
Canard Opening,1,A45,1. d4 Nf6 2. f4,d2d4 g8f6 f2f4,0.002727,0.994764,0.029,0.47125,0.3575,0.343752,0.05,0.0,0.617142,0.002658,0.995485,0.029,0.4225,0.3575,0.343752,0.0375,0.0,0.617154,0.002658,0.995485,0.023,0.52,0.3575,0.343752,0.0375,0.0,0.618054,0.027211,0.877551,0.578231,0.489796,0.880952,0.163265,0.251701,0.231293,0.931973,0.095238,0.891156,0.62585,0.146259,0.880952,0.163265,0.255102,0.231293,0.870748,0.07483,0.884354,0.180272,0.768707,0.880952,0.163265,0.258503,0.231293,0.938776,0.0,0.0,0.0,0.0,"{""0|0|0|0|0|0|1|1|0|0|0|0|0"":1}"
Caro-Kann Defense,5,B10,1. e4 c6 2. Nc3 d5,e2e4 c7c6 b1c3 d7d5,0.009955,0.987379,0.029,0.4355,0.143,0.344018,0.05,0.0,0.615655,0.003154,0.99156,0.029,0.4485,0.143,0.344018,0.0375,0.0,0.61642,0.003154,0.99156,0.029,0.4225,0.143,0.344018,0.0375,0.0,0.616367,0.210884,0.629252,0.578231,0.265306,0.591837,0.170068,0.251701,0.231293,0.761905,0.163265,0.717687,0.62585,0.414966,0.591837,0.170068,0.255102,0.231293,0.741497,0.14966,0.697279,0.690476,0.132653,0.591837,0.170068,0.258503,0.231293,0.768707,0.0,0.0,0.0,0.0,"{""0|0|0|0|0|0|1|1|0|0|0|0|0"":5}"
Carr Defense,2,B00,1. e4 h6 2. d4 e5,e2e4 h7h6 d2d4 e7e5,0.006,0.98832,0.029,0.4225,0.0,0.35825,0.2375,0.019688,0.612518,0.007242,0.992078,0.029,0.4225,0.0,0.35825,0.225,0.0375,0.612708,0.002614,0.992078,0.029,0.4225,0.0,0.35825,0.225,0.0375,0.61297,0.12585,0.673469,0.578231,0.091837,0.204082,0.285714,0.710884,0.517007,0.598639,0.258503,0.748299,0.62585,0.146259,0.204082,0.285714,0.704082,0.517007,0.544218,0.057823,0.734694,0.690476,0.132653,0.204082,0.285714,0.687075,0.517007,0.564626,1.0,1.0,1.0,1.0,"{""0|0|0|0|0|0|1|1|0|0|0|0|0"":1,""0|0|0|0|0|0|1|1|0|0|0|0|1"":1}"
Catalan Opening,5,E00;E01;E02,1. d4 Nf6 2. c4 e6 3. g3 d5 4. Bg2 dxc4,d2d4 g8f6 c2c4 e7e6 g2g3 d7d5 f1g2 d5c4,0.327606,0.810702,0.029,0.49075,0.0,0.433208,0.3,0.02625,0.569744,0.312947,0.865784,0.029,0.4615,0.0,0.433208,0.2875,0.05,0.587163,0.235717,0.829587,0.023,0.52,0.0,0.433208,0.2875,0.05,0.583411,0.843537,0.034014,0.578231,0.612245,0.204082,0.918367,0.87415,0.629252,0.210884,0.92517,0.095238,0.62585,0.465986,0.204082,0.918367,0.87415,0.622449,0.251701,0.863946,0.054422,0.180272,0.768707,0.204082,0.918367,0.863946,0.622449,0.217687,0.655459,0.655459,0.655459,0.655459,"{""0|0|0|0|0|0|1|1|0|0|0|0|0"":2,""0|0|0|0|0|0|1|1|0|0|0|0|1"":2,""0|0|0|1|0|0|2|2|0|1|1|0|0"":1}"
Center Game,5,C20;C21,1. e4 e5 2. d4 exd4 3. f4 Bc5 4. Nf3 Nc6 5. c3,e2e4 e7e5 d2d4 e5d4 f2f4 f8c5 g1f3 b8c6 c2c3,0.155515,0.981295,0.029,0.453917,0.143,0.386354,0.25,0.06125,0.541278,0.040588,0.986252,0.029,0.465833,0.143,0.386354,0.2125,0.15,0.54461,0.183883,0.986252,0.029,0.442,0.143,0.386354,0.25,0.15,0.531638,0.666667,0.340136,0.578231,0.326531,0.591837,0.605442,0.734694,0.891156,0.142857,0.414966,0.363946,0.62585,0.47619,0.591837,0.605442,0.680272,0.897959,0.108844,0.782313,0.346939,0.690476,0.323129,0.591837,0.605442,0.727891,0.897959,0.095238,0.590436,0.590436,0.590436,0.590436,"{""0|0|0|0|0|0|1|1|0|0|0|0|1"":1,""0|0|0|0|0|0|2|2|0|1|1|0|0"":1,""0|0|0|1|0|0|2|2|0|1|1|0|0"":3}"
Center Game Accepted,1,C21,1. e4 e5 2. d4 exd4,e2e4 e7e5 d2d4 e5d4,0.107152,0.984125,0.029,0.4225,0.0,0.385663,0.23125,0.035,0.528111,0.008301,0.987966,0.029,0.4225,0.0,0.385663,0.15,0.1,0.544916,0.181635,0.987966,0.029,0.4225,0.0,0.385663,0.25,0.1,0.515449,0.496599,0.42517,0.578231,0.091837,0.204082,0.591837,0.659864,0.785714,0.081633,0.292517,0.445578,0.62585,0.146259,0.204082,0.591837,0.605442,0.785714,0.115646,0.77551,0.438776,0.690476,0.132653,0.204082,0.591837,0.727891,0.785714,0.054422,0.0,0.0,0.0,0.0,"{""0|0|0|1|0|0|2|2|0|1|1|0|0"":1}"
Clemenz Opening,2,A00,1. h3 h5 2. g4,h2h3 h7h5 g2g4,0.049943,0.983603,0.029,0.4225,0.0,0.329778,0.05,0.019688,0.613355,0.031094,0.988318,0.029,0.4225,0.0,0.329778,0.0375,0.0375,0.614767,0.031094,0.988318,0.029,0.4225,0.0,0.329778,0.0375,0.0375,0.614767,0.346939,0.394558,0.578231,0.091837,0.204082,0.034014,0.251701,0.517007,0.632653,0.408163,0.47619,0.62585,0.146259,0.204082,0.034014,0.255102,0.517007,0.598639,0.37415,0.469388,0.690476,0.132653,0.204082,0.034014,0.258503,0.517007,0.632653,0.0,0.0,0.0,0.0,"{""0|0|0|0|0|0|1|1|0|0|0|0|0"":2}"
Colle System,3,A04;A40,1. d4 g6 2. Nf3 Bg7 3. e3 c5 4. Bd3 cxd4 5. Nxd4 Qa5+,d2d4 g7g6 g1f3 f8g7 e2e3 c7c5 f1d3 c5d4 f3d4 d8a5,0.321425,0.840241,0.023,0.5525,0.0,0.39421,0.209375,0.048125,0.547534,0.165451,0.93828,0.023,0.585,0.0,0.39421,0.2,0.125,0.577377,0.277373,0.758379,0.023,0.52,0.0,0.39421,0.15,0.125,0.54871,0.829932,0.068027,0.081633,0.877551,0.204082,0.666667,0.598639,0.85034,0.156463,0.714286,0.156463,0.176871,0.911565,0.204082,0.666667,0.659864,0.857143,0.197279,0.931973,0.013605,0.180272,0.768707,0.204082,0.666667,0.602041,0.857143,0.129252,1.0,1.0,1.0,1.0,"{""0|0|0|0|0|0|1|1|0|0|0|0|0"":1,""0|0|0|0|0|0|2|2|0|1|1|0|0"":1,""0|0|1|0|0|0|2|2|0|1|1|0|0"":1}"
Creepy Crawly Formation,1,A00,1. h3 d5 2. a3 e5,h2h3 d7d5 a2a3 e7e5,0.009273,0.984125,0.029,0.4225,0.0,0.327006,0.05,0.0,0.615197,0.002541,0.988529,0.029,0.4225,0.0,0.327006,0.0375,0.0,0.616341,0.009145,0.987966,0.029,0.4225,0.0,0.327006,0.0375,0.0,0.615219,0.193878,0.42517,0.578231,0.091837,0.204082,0.013605,0.251701,0.231293,0.707483,0.054422,0.503401,0.62585,0.146259,0.204082,0.013605,0.255102,0.231293,0.727891,0.251701,0.438776,0.690476,0.132653,0.204082,0.013605,0.258503,0.231293,0.653061,0.0,0.0,0.0,0.0,"{""0|0|0|0|0|0|1|1|0|0|0|0|0"":1}"
Czech Defense,1,B07,1. e4 d6 2. d4 Nf6 3. Nc3 c6,e2e4 d7d6 d2d4 g8f6 b1c3 c7c6,0.008727,0.971973,0.025,0.50375,0.4125,0.387,0.05,0.0,0.615021,0.004146,0.980195,0.025,0.4875,0.4125,0.387,0.0375,0.0,0.615799,0.010813,0.944328,0.023,0.52,0.4125,0.387,0.0375,0.0,0.614966,0.173469,0.278912,0.183673,0.714286,0.972789,0.619048,0.251701,0.231293,0.680272,0.197279,0.306122,0.302721,0.615646,0.972789,0.619048,0.255102,0.231293,0.693878,0.265306,0.190476,0.180272,0.768707,0.972789,0.619048,0.258503,0.231293,0.639456,0.0,0.0,0.0,0.0,"{""0|0|0|0|0|0|1|1|0|0|0|0|0"":1}"
Danish Gambit,1,C21,1. e4 e5 2. d4 exd4 3. c3,e2e4 e7e5 d2d4 e5d4 c2c3,0.120242,0.981295,0.029,0.4225,0.0,0.375378,0.23125,0.06125,0.523143,0.0171,0.986252,0.029,0.4225,0.0,0.375378,0.15,0.15,0.540677,0.166234,0.986252,0.029,0.4225,0.0,0.375378,0.25,0.15,0.515324,0.557823,0.340136,0.578231,0.091837,0.204082,0.517007,0.659864,0.891156,0.068027,0.360544,0.363946,0.62585,0.146259,0.204082,0.517007,0.605442,0.897959,0.095238,0.727891,0.346939,0.690476,0.132653,0.204082,0.517007,0.727891,0.897959,0.047619,0.0,0.0,0.0,0.0,"{""0|0|0|1|0|0|2|2|0|1|1|0|0"":1}"
Danish Gambit Accepted,5,C21,1. e4 e5 2. d4 exd4 3. c3 dxc3 4. Bc4 cxb2 5. Bxb2 Qe7,e2e4 e7e5 d2d4 e5d4 c2c3 d4c3 f1c4 c3b2 c1b2 d8e7,0.441758,0.842298,0.029,0.4875,0.0825,0.501682,0.3625,0.1225,0.413373,0.401021,0.674254,0.029,0.5005,0.0825,0.501682,0.3375,0.3,0.420598,0.260133,0.85918,0.029,0.4745,0.0825,0.501682,0.3125,0.3,0.447498,0.952381,0.081633,0.578231,0.588435,0.493197,0.993197,0.993197,0.969388,0.0,0.986395,0.006803,0.62585,0.663265,0.493197,0.993197,1.0,0.989796,0.0,0.911565,0.102041,0.690476,0.5,0.493197,0.993197,0.986395,0.989796,0.006803,0.310918,0.310918,0.310918,0.310918,"{""0|0|0|1|0|0|2|2|0|2|1|0|0"":1,""1|0|0|0|0|1|2|2|0|3|1|0|0"":4}"
Danish Gambit Declined,1,C21,1. e4 e5 2. d4 exd4 3. c3 d5,e2e4 e7e5 d2d4 e5d4 c2c3 d7d5,0.652,0.48515,0.029,0.4225,0.0,0.582487,0.29375,0.06125,0.42948,0.466955,0.535551,0.029,0.4225,0.0,0.582487,0.2125,0.15,0.460938,0.263621,0.806151,0.029,0.4225,0.0,0.582487,0.3125,0.15,0.495505,1.0,0.0,0.578231,0.091837,0.204082,1.0,0.768707,0.891156,0.013605,1.0,0.0,0.62585,0.146259,0.204082,1.0,0.680272,0.897959,0.013605,0.918367,0.034014,0.690476,0.132653,0.204082,1.0,0.986395,0.897959,0.013605,0.0,0.0,0.0,0.0,"{""0|0|0|1|0|0|2|2|0|1|1|0|0"":1}"
Dresden Opening,1,C44,1. e4 e5 2. Nf3 Nc6 3. c4 Nf6 4. Nxe5,e2e4 e7e5 g1f3 b8c6 c2c4 g8f6 f3e5,0.464015,0.804848,0.023,0.52,0.0,0.344707,0.15,0.06125,0.474141,0.368081,0.828697,0.023,0.52,0.0,0.344707,0.1,0.15,0.49045,0.188914,0.886747,0.023,0.52,0.0,0.344707,0.15,0.15,0.520909,0.986395,0.027211,0.081633,0.789116,0.204082,0.176871,0.554422,0.891156,0.020408,0.959184,0.054422,0.176871,0.755102,0.204082,0.176871,0.547619,0.897959,0.027211,0.789116,0.115646,0.180272,0.768707,0.204082,0.176871,0.602041,0.897959,0.061224,0.0,0.0,0.0,0.0,"{""0|0|0|0|0|0|1|2|0|0|1|0|0"":1}"
Duras Gambit,1,B00,1. e4 f5,e2e4 f7f5,0.246818,0.985752,0.029,0.4225,0.3575,0.34349,0.05,0.02625,0.56996,0.168817,0.989763,0.029,0.4225,0.3575,0.34349,0.0375,0.05,0.58322,0.123817,0.989763,0.029,0.4225,0.3575,0.34349,0.0375,0.05,0.59087,0.734694,0.537415,0.578231,0.091837,0.880952,0.156463,0.251701,0.629252,0.217687,0.727891,0.598639,0.62585,0.146259,0.880952,0.156463,0.255102,0.622449,0.231293,0.653061,0.557823,0.690476,0.132653,0.880952,0.156463,0.258503,0.622449,0.258503,0.0,0.0,0.0,0.0,"{""0|0|0|0|0|0|1|1|0|0|0|0|0"":1}"
Dutch Defense,5,A80,1. d4 f5 2. h3 Nf6 3. g4,d2d4 f7f5 h2h3 g8f6 g2g4,0.023682,0.996919,0.029,0.440917,0.143,0.347013,0.05,0.0,0.617483,0.003985,0.997786,0.029,0.4485,0.143,0.347013,0.0375,0.0,0.617741,0.024819,0.997786,0.029,0.433333,0.143,0.347013,0.0375,0.0,0.617608,0.292517,1.0,0.578231,0.278912,0.591837,0.190476,0.251701,0.231293,0.959184,0.190476,1.0,0.62585,0.414966,0.591837,0.190476,0.255102,0.231293,0.945578,0.333333,1.0,0.690476,0.261905,0.591837,0.190476,0.258503,0.231293,0.918367,0.0,0.0,0.0,0.0,"{""0|0|0|0|0|0|1|1|0|0|0|0|0"":5}"
Döry Defense,1,A46,1. d4 Nf6 2. Nf3 Ne4,d2d4 g8f6 g1f3 f6e4,0.001091,0.996651,0.023,0.52,0.0,0.368238,0.05,0.0,0.618472,0.002611,0.997397,0.023,0.52,0.0,0.368238,0.0375,0.0,0.618213,0.002798,0.996978,0.023,0.52,0.0,0.368238,0.0375,0.0,0.618182,0.006803,0.993197,0.081633,0.789116,0.204082,0.394558,0.251701,0.231293,0.993197,0.07483,0.993197,0.176871,0.755102,0.204082,0.394558,0.255102,0.231293,0.972789,0.105442,0.962585,0.180272,0.768707,0.204082,0.394558,0.258503,0.231293,0.952381,0.0,0.0,0.0,0.0,"{""0|0|0|0|0|0|1|1|0|0|0|0|0"":1}"
East Indian Defense,1,A48,1. d4 Nf6 2. Nf3 g6,d2d4 g8f6 g1f3 g7g6,0.004364,0.996413,0.023,0.52,0.0,0.360836,0.05,0.0,0.61722,0.002611,0.996978,0.023,0.52,0.0,0.360836,0.0375,0.0,0.617517,0.002611,0.996978,0.023,0.52,0.0,0.360836,0.0375,0.0,0.617517,0.088435,0.979592,0.081633,0.789116,0.204082,0.292517,0.251701,0.231293,0.938776,0.07483,0.952381,0.176871,0.755102,0.204082,0.292517,0.255102,0.231293,0.931973,0.044218,0.962585,0.180272,0.768707,0.204082,0.292517,0.258503,0.231293,0.911565,0.0,0.0,0.0,0.0,"{""0|0|0|0|0|0|1|1|0|0|0|0|0"":1}"
Elephant Gambit,4,C40,1. e4 e5 2. Nf3 d5 3. Nxe5 dxe4 4. Bc4 Qg5,e2e4 e7e5 g1f3 d7d5 f3e5 d5e4 f1c4 d8g5,0.281174,0.860649,0.029,0.50375,0.103125,0.401258,0.2625,0.041563,0.541408,0.282259,0.864365,0.023,0.544375,0.103125,0.401258,0.259375,0.1125,0.545799,0.134016,0.981665,0.029,0.463125,0.103125,0.401258,0.23125,0.1125,0.556482,0.761905,0.102041,0.578231,0.714286,0.537415,0.727891,0.751701,0.843537,0.14966,0.897959,0.088435,0.176871,0.863946,0.537415,0.727891,0.755102,0.85034,0.129252,0.666667,0.306122,0.690476,0.431973,0.537415,0.727891,0.693878,0.85034,0.142857,0.75,0.75,0.75,0.75,"{""0|0|0|0|0|0|1|1|0|0|0|0|1"":1,""0|0|0|0|0|0|2|2|0|1|1|0|0"":1,""0|0|1|0|0|0|2|2|0|1|1|0|0"":2}"
English Defense,5,A40,1. c4 e6 2. d4 b6 3. Nc3 Bb7 4. e4 f5 5. exf5 Nf6,c2c4 e7e6 d2d4 b7b6 b1c3 c8b7 e2e4 f7f5 e4f5 g8f6,0.317636,0.990269,0.029,0.4485,0.0,0.489941,0.05,0.02625,0.613668,0.245803,0.992682,0.029,0.4355,0.0,0.489941,0.0375,0.05,0.614444,0.179136,0.987966,0.029,0.4615,0.0,0.489941,0.0375,0.05,0.600116,0.823129,0.758503,0.578231,0.306122,0.204082,0.986395,0.251701,0.629252,0.653061,0.857143,0.778912,0.62585,0.319728,0.204082,0.986395,0.255102,0.622449,0.585034,0.761905,0.438776,0.690476,0.411565,0.204082,0.986395,0.258503,0.622449,0.353741,0.310918,0.310918,0.310918,0.310918,"{""0|0|0|0|0|0|1|1|0|0|0|0|0"":4,""0|0|1|0|0|0|2|2|0|1|1|0|0"":1}"
English Opening,5,A10,1. c4 g6 2. e4 e5,c2c4 g7g6 e2e4 e7e5,0.080773,0.989757,0.029,0.43225,0.143,0.336867,0.05,0.02625,0.61538,0.057063,0.99119,0.029,0.4225,0.143,0.336867,0.0375,0.05,0.615458,0.040397,0.99119,0.029,0.442,0.143,0.336867,0.0375,0.05,0.615458,0.414966,0.734694,0.578231,0.234694,0.591837,0.108844,0.251701,0.629252,0.727891,0.44898,0.693878,0.62585,0.146259,0.591837,0.108844,0.255102,0.622449,0.666667,0.401361,0.659864,0.690476,0.323129,0.591837,0.108844,0.258503,0.622449,0.680272,0.310918,0.310918,0.310918,0.310918,"{""0|0|0|0|0|0|1|1|0|0|0|0|0"":4,""0|0|0|0|0|0|1|1|0|0|0|0|1"":1}"
English Orangutan,2,A15,1. c4 Nf6 2. Nf3 g6 3. b4,c2c4 g8f6 g1f3 g7g6 b2b4,0.005284,0.989444,0.029,0.495625,0.0,0.330982,0.05,0.0,0.61699,0.002654,0.992489,0.029,0.47125,0.0,0.330982,0.0375,0.0,0.617382,0.002654,0.992489,0.023,0.52,0.0,0.330982,0.0375,0.0,0.618057,0.108844,0.70068,0.578231,0.639456,0.204082,0.054422,0.251701,0.231293,0.918367,0.088435,0.761905,0.62585,0.513605,0.204082,0.054422,0.255102,0.231293,0.918367,0.068027,0.741497,0.180272,0.768707,0.204082,0.054422,0.258503,0.231293,0.945578,0.0,0.0,0.0,0.0,"{""0|0|0|0|0|0|1|1|0|0|0|0|0"":2}"
Englund Gambit,5,A40,1. d4 e5 2. dxe5 Nc6 3. Nf3 Bc5,d2d4 e7e5 d4e5 b8c6 g1f3 f8c5,0.13103,0.984125,0.029,0.47125,0.1595,0.396449,0.23125,0.035,0.528217,0.121742,0.987966,0.029,0.4615,0.1595,0.396449,0.25,0.1,0.528101,0.227827,0.987966,0.029,0.481,0.1595,0.396449,0.15,0.1,0.528777,0.619048,0.42517,0.578231,0.489796,0.659864,0.687075,0.659864,0.785714,0.088435,0.639456,0.445578,0.62585,0.465986,0.659864,0.687075,0.731293,0.785714,0.068027,0.85034,0.438776,0.690476,0.530612,0.659864,0.687075,0.602041,0.785714,0.07483,0.310918,0.310918,0.310918,0.310918,"{""0|0|0|0|0|0|1|1|0|0|0|0|0"":1,""0|0|1|0|0|0|2|2|0|1|1|0|0"":4}"
Englund Gambit Declined,5,A40,1. d4 e5 2. d5 Bc5 3. e4 Qh4,d2d4 e7e5 d4d5 f8c5 e2e4 d8h4,0.229727,0.987197,0.029,0.442,0.0,0.383429,0.05,0.02625,0.588426,0.117096,0.990324,0.029,0.442,0.0,0.383429,0.0375,0.05,0.608607,0.300429,0.990324,0.029,0.442,0.0,0.383429,0.0375,0.05,0.583543,0.721088,0.605442,0.578231,0.289116,0.204082,0.571429,0.251701,0.629252,0.312925,0.612245,0.62585,0.62585,0.363946,0.204082,0.571429,0.255102,0.622449,0.517007,0.952381,0.588435,0.690476,0.323129,0.204082,0.571429,0.258503,0.622449,0.22449,0.310918,0.310918,0.310918,0.310918,"{""0|0|0|0|0|0|1|1|0|0|0|0|0"":4,""0|0|0|0|0|0|1|1|0|0|0|0|1"":1}"
Formation,2,A00,1. a3 e5 2. b3 d5 3. c3 Nf6 4. d3 Nc6 5. e3 Bd6 6. f3 O-O 7. g3,a2a3 e7e5 b2b3 d7d5 c2c3 g8f6 d2d3 b8c6 e2e3 f8d6 f2f3 e8g8 g2g3,0.016212,0.978401,0.029,0.735625,0.0,0.40317,0.05,0.0,0.615229,0.007329,0.986284,0.029,0.47125,0.0,0.40317,0.0375,0.0,0.616686,0.031885,0.958778,0.0,1.0,0.0,0.40317,0.0375,0.0,0.618534,0.265306,0.312925,0.578231,0.979592,0.204082,0.734694,0.251701,0.231293,0.714286,0.265306,0.387755,0.62585,0.513605,0.204082,0.734694,0.255102,0.231293,0.77551,0.380952,0.251701,0.0,1.0,0.204082,0.734694,0.258503,0.231293,0.965986,0.0,0.0,0.0,0.0,"{""0|0|0|0|0|0|1|1|0|0|0|0|0"":2}"
Four Knights Game,5,C47,1. e4 e5 2. Nf3 Nc6 3. Nc3 Nf6 4. g3 d5 5. exd5 Nxd5 6. Bg2 Nxc3 7. bxc3,e2e4 e7e5 g1f3 b8c6 b1c3 g8f6 g2g3 d7d5 e4d5 f6d5 f1g2 d5c3 b2c3,0.292833,0.956932,0.023,0.52975,0.0,0.375096,0.3,0.06125,0.603445,0.186468,0.959232,0.023,0.5395,0.0,0.375096,0.2875,0.15,0.604139,0.190422,0.959232,0.023,0.52,0.0,0.375096,0.2875,0.15,0.604139,0.782313,0.244898,0.081633,0.833333,0.204082,0.496599,0.87415,0.891156,0.489796,0.782313,0.231293,0.176871,0.853741,0.204082,0.496599,0.87415,0.897959,0.442177,0.795918,0.258503,0.180272,0.768707,0.204082,0.496599,0.863946,0.897959,0.462585,0.590436,0.590436,0.590436,0.590436,"{""0|0|0|0|0|0|1|1|0|0|0|0|1"":3,""0|0|0|0|0|0|1|2|0|0|1|0|0"":1,""1|0|1|0|0|0|3|2|0|2|1|0|0"":1}"
French Defense,5,C00,1. e4 e6 2. d4 d5 3. Be3,e2e4 e7e6 d2d4 d7d5 c1e3,0.094909,0.984939,0.029,0.429,0.0715,0.367321,0.3,0.02625,0.60021,0.05717,0.988989,0.029,0.4355,0.0715,0.367321,0.2875,0.05,0.614964,0.092137,0.988864,0.029,0.4225,0.0715,0.367321,0.2875,0.05,0.606778,0.44898,0.493197,0.578231,0.207483,0.431973,0.380952,0.87415,0.629252,0.421769,0.455782,0.55102,0.62585,0.319728,0.431973,0.380952,0.87415,0.622449,0.619048,0.564626,0.513605,0.690476,0.132653,0.431973,0.380952,0.863946,0.622449,0.530612,0.418166,0.418166,0.418166,0.418166,"{""0|0|0|0|0|0|1|1|0|0|0|0|0"":3,""0|0|0|0|0|0|1|1|0|0|0|0|1"":2}"
Fried Fox Defense,1,B00,1. e4 f6 2. d4 Kf7,e2e4 f7f6 d2d4 e8f7,0.099818,0.987379,0.17,0.21125,0.0,0.35138,0.05,0.0,0.579438,0.092897,0.987966,0.029,0.4225,0.0,0.35138,0.0375,0.0,0.601764,0.002853,0.99156,0.17,0.0,0.0,0.35138,0.0375,0.0,0.595922,0.47619,0.629252,0.979592,0.003401,0.204082,0.238095,0.251701,0.231293,0.258503,0.55102,0.445578,0.62585,0.146259,0.204082,0.238095,0.255102,0.231293,0.394558,0.122449,0.697279,0.986395,0.0,0.204082,0.238095,0.258503,0.231293,0.292517,0.0,0.0,0.0,0.0,"{""0|0|0|0|0|0|1|1|0|0|0|0|0"":1}"
Global Opening,1,A00,1. h3 e5 2. a3,h2h3 e7e5 a2a3,0.007803,0.986064,0.029,0.4225,0.0,0.330874,0.05,0.0,0.615743,0.002195,0.990009,0.029,0.4225,0.0,0.330874,0.0375,0.0,0.616697,0.004263,0.990009,0.029,0.4225,0.0,0.330874,0.0375,0.0,0.616345,0.156463,0.564626,0.578231,0.091837,0.204082,0.047619,0.251701,0.231293,0.768707,0.027211,0.619048,0.62585,0.146259,0.204082,0.047619,0.255102,0.231293,0.782313,0.190476,0.578231,0.690476,0.132653,0.204082,0.047619,0.258503,0.231293,0.761905,0.0,0.0,0.0,0.0,"{""0|0|0|0|0|0|1|1|0|0|0|0|0"":1}"
Goldsmith Defense,2,B00,1. e4 h5 2. d4 Nf6,e2e4 h7h5 d2d4 g8f6,0.015925,0.986972,0.029,0.436041,0.17875,0.348356,0.05,0.0,0.613165,0.01047,0.989314,0.029,0.4225,0.17875,0.348356,0.0375,0.0,0.613904,0.004637,0.991111,0.029,0.449584,0.17875,0.348356,0.0375,0.0,0.614737,0.258503,0.591837,0.578231,0.272109,0.70068,0.210884,0.251701,0.231293,0.612245,0.319728,0.571429,0.62585,0.146259,0.70068,0.210884,0.255102,0.231293,0.571429,0.197279,0.653061,0.690476,0.367347,0.70068,0.210884,0.258503,0.231293,0.62585,0.0,0.0,0.0,0.0,"{""0|0|0|0|0|0|1|1|0|0|0|0|0"":2}"
Grob Opening,5,A00,1. g4 g5 2. f4,g2g4 g7g5 f2f4,0.096136,0.987473,0.029,0.427917,0.0715,0.33288,0.05,0.02625,0.615423,0.098047,0.9886,0.029,0.433333,0.0715,0.33288,0.0375,0.05,0.615352,0.062182,0.9886,0.029,0.4225,0.0715,0.33288,0.0375,0.05,0.615352,0.462585,0.646259,0.578231,0.183673,0.431973,0.088435,0.251701,0.629252,0.734694,0.564626,0.510204,0.62585,0.302721,0.431973,0.088435,0.255102,0.622449,0.659864,0.469388,0.489796,0.690476,0.132653,0.431973,0.088435,0.258503,0.622449,0.666667,0.0,0.0,0.0,0.0,"{""0|0|0|0|0|0|1|1|0|0|0|0|0"":5}"
Grünfeld Defense,5,A56;D80,1. d4 Nf6 2. c4 c5 3. e3 g6 4. Nc3 Bg7 5. Nf3 O-O 6. Be2 cxd4 7. exd4 d5 8. O-O Nc6,d2d4 g8f6 c2c4 c7c5 e2e3 g7g6 b1c3 f8g7 g1f3 e8g8 f1e2 c5d4 e3d4 d7d5 e1g1 b8c6,0.359848,0.886061,0.027667,0.598666,0.3135,0.425081,0.3,0.035,0.567939,0.384559,0.861788,0.027667,0.581334,0.3135,0.425081,0.2875,0.1,0.562247,0.170568,0.949613,0.023,0.616,0.3135,0.425081,0.2875,0.1,0.600347,0.897959,0.122449,0.255102,0.931973,0.843537,0.891156,0.87415,0.785714,0.204082,0.972789,0.081633,0.346939,0.904762,0.843537,0.891156,0.87415,0.785714,0.170068,0.748299,0.204082,0.180272,0.928571,0.843537,0.891156,0.863946,0.785714,0.367347,0.590436,0.590436,0.590436,0.590436,"{""0|0|0|0|0|0|1|1|0|0|0|0|1"":3,""0|0|0|0|0|0|2|2|0|1|1|0|1"":1,""0|0|0|1|0|0|1|2|0|0|1|0|0"":1}"
Gunderam Defense,1,C40,1. e4 e5 2. Nf3 Qe7,e2e4 e7e5 g1f3 d8e7,0.008848,0.984125,0.025,0.50375,0.4125,0.362658,0.3,0.0,0.604386,0.007331,0.987966,0.023,0.52,0.4125,0.362658,0.2875,0.0,0.604944,0.003771,0.99156,0.025,0.4875,0.4125,0.362658,0.2875,0.0,0.605249,0.183673,0.42517,0.183673,0.714286,0.972789,0.333333,0.87415,0.231293,0.503401,0.272109,0.445578,0.176871,0.755102,0.972789,0.333333,0.87415,0.231293,0.496599,0.166667,0.697279,0.357143,0.571429,0.972789,0.333333,0.863946,0.231293,0.503401,0.0,0.0,0.0,0.0,"{""0|0|0|0|0|0|1|1|0|0|0|0|1"":1}"
Hippopotamus Defense,2,B00,1. e4 Nh6 2. d4 g6 3. c4 f6,e2e4 g8h6 d2d4 g7g6 c2c4 f7f6,0.051795,0.973786,0.029,0.47125,0.0,0.384239,0.05,0.0,0.612049,0.006496,0.982213,0.029,0.4225,0.0,0.384239,0.0375,0.0,0.616115,0.036496,0.986746,0.023,0.52,0.0,0.384239,0.0375,0.0,0.614604,0.353741,0.285714,0.578231,0.489796,0.204082,0.578231,0.251701,0.231293,0.578231,0.251701,0.312925,0.62585,0.146259,0.204082,0.578231,0.255102,0.231293,0.70068,0.387755,0.37415,0.180272,0.768707,0.204082,0.578231,0.258503,0.231293,0.612245,0.0,0.0,0.0,0.0,"{""0|0|0|0|0|0|1|1|0|0|0|0|0"":2}"
Horwitz Defense,2,A40,1. d4 e6 2. c4 e5,d2d4 e7e6 c2c4 e6e5,0.069409,0.996502,0.029,0.4225,0.0,0.36166,0.05,0.019688,0.611424,0.002567,0.997135,0.029,0.4225,0.0,0.36166,0.0375,0.0375,0.615308,0.079932,0.991503,0.029,0.4225,0.0,0.36166,0.0375,0.0375,0.605824,0.387755,0.986395,0.578231,0.091837,0.204082,0.312925,0.251701,0.517007,0.571429,0.061224,0.979592,0.62585,0.146259,0.204082,0.312925,0.255102,0.517007,0.653061,0.503401,0.680272,0.690476,0.132653,0.204082,0.312925,0.258503,0.517007,0.517007,0.0,0.0,0.0,0.0,"{""0|0|0|0|0|0|1|1|0|0|0|0|0"":2}"
Hungarian Opening,5,A00,1. g3 Nc6 2. Nc3 d5 3. d4 e5 4. dxe5 d4 5. Ne4 f5,g2g3 b8c6 b1c3 d7d5 d2d4 e7e5 d4e5 d5d4 c3e4 f7f5,0.118409,0.986979,0.029,0.4745,0.0,0.414787,0.05,0.02625,0.616702,0.055804,0.988345,0.029,0.494,0.0,0.414787,0.0375,0.05,0.617353,0.053304,0.994078,0.029,0.455,0.0,0.414787,0.0375,0.05,0.617213,0.544218,0.598639,0.578231,0.527211,0.204082,0.85034,0.251701,0.629252,0.857143,0.442177,0.482993,0.62585,0.642857,0.204082,0.85034,0.255102,0.622449,0.911565,0.44898,0.829932,0.690476,0.387755,0.204082,0.85034,0.258503,0.622449,0.877551,0.310918,0.310918,0.310918,0.310918,"{""0|0|0|0|0|0|1|1|0|0|0|0|0"":4,""0|0|1|0|1|0|2|2|0|1|1|0|0"":1}"
Indian Defense,5,A43;A45,1. d4 Nf6 2. Nf3 c5 3. d5 b5,d2d4 g8f6 g1f3 c7c5 d4d5 b7b5,0.017636,0.994764,0.029,0.4875,0.2255,0.355656,0.05,0.0,0.616986,0.004269,0.995193,0.029,0.455,0.2255,0.355656,0.0375,0.0,0.616933,0.040064,0.995193,0.023,0.52,0.2255,0.355656,0.0375,0.0,0.617176,0.272109,0.877551,0.578231,0.588435,0.77551,0.265306,0.251701,0.231293,0.911565,0.204082,0.863946,0.62585,0.442177,0.77551,0.265306,0.255102,0.231293,0.823129,0.394558,0.85034,0.180272,0.768707,0.77551,0.265306,0.258503,0.231293,0.870748,0.310918,0.310918,0.310918,0.310918,"{""0|0|0|0|0|0|1|1|0|0|0|0|0"":4,""0|0|0|0|0|0|1|1|0|0|0|0|1"":1}"
Irish Gambit,1,C44,1. e4 e5 2. Nf3 Nc6 3. Nxe5,e2e4 e7e5 g1f3 b8c6 f3e5,0.062485,0.981295,0.025,0.50375,0.4125,0.361435,0.15,0.06125,0.536154,0.009773,0.986252,0.023,0.52,0.4125,0.361435,0.1,0.15,0.545415,0.069748,0.987804,0.025,0.4875,0.4125,0.361435,0.15,0.15,0.534919,0.37415,0.340136,0.183673,0.714286,0.972789,0.29932,0.554422,0.891156,0.136054,0.312925,0.363946,0.176871,0.755102,0.972789,0.29932,0.547619,0.897959,0.122449,0.493197,0.408163,0.357143,0.571429,0.972789,0.29932,0.602041,0.897959,0.102041,0.0,0.0,0.0,0.0,"{""0|0|0|0|0|0|1|2|0|0|1|0|0"":1}"
Italian Game,5,C50,1. e4 e5 2. Nf3 Nc6 3. Bc4 Bc5 4. O-O Nf6 5. c3,e2e4 e7e5 g1f3 b8c6 f1c4 f8c5 e1g1 g8f6 c2c3,0.303833,0.812032,0.025,0.655,0.2475,0.438233,0.3,0.02625,0.57981,0.272081,0.784547,0.017,0.7705,0.2475,0.438233,0.2875,0.05,0.581953,0.193748,0.982557,0.025,0.5395,0.2475,0.438233,0.2875,0.05,0.603607,0.816327,0.040816,0.183673,0.959184,0.802721,0.92517,0.87415,0.629252,0.265306,0.884354,0.034014,0.034014,0.972789,0.802721,0.92517,0.87415,0.622449,0.22449,0.802721,0.319728,0.357143,0.891156,0.802721,0.92517,0.863946,0.622449,0.435374,0.0,0.0,0.0,0.0,"{""0|0|0|0|0|0|1|1|0|0|0|0|1"":5}"
Kangaroo Defense,2,A40,1. d4 e6 2. c4 Bb4+ 3. Nc3,d2d4 e7e6 c2c4 f8b4 b1c3,0.126954,0.995645,0.029,0.476666,0.187916,0.372535,0.05,0.0,0.599441,0.027906,0.996943,0.029,0.433333,0.187916,0.372535,0.0375,0.0,0.615123,0.103973,0.981392,0.023,0.52,0.187916,0.372535,0.0375,0.0,0.601672,0.598639,0.918367,0.578231,0.537415,0.721088,0.469388,0.251701,0.231293,0.401361,0.387755,0.945578,0.62585,0.302721,0.721088,0.469388,0.255102,0.231293,0.639456,0.591837,0.29932,0.180272,0.768707,0.721088,0.469388,0.258503,0.231293,0.394558,0.0,0.0,0.0,0.0,"{""0|0|0|0|0|0|1|1|0|0|0|0|0"":2}"
King's Gambit,1,C30,1. e4 e5 2. f4,e2e4 e7e5 f2f4,0.124091,0.984939,0.029,0.4225,0.3575,0.355195,0.3,0.02625,0.581288,0.06267,0.988864,0.029,0.4225,0.3575,0.355195,0.2875,0.05,0.591729,0.08517,0.988864,0.029,0.4225,0.3575,0.355195,0.2875,0.05,0.587904,0.591837,0.493197,0.578231,0.091837,0.880952,0.258503,0.87415,0.629252,0.272109,0.469388,0.530612,0.62585,0.146259,0.880952,0.258503,0.87415,0.622449,0.292517,0.517007,0.513605,0.690476,0.132653,0.880952,0.258503,0.863946,0.622449,0.231293,0.0,0.0,0.0,0.0,"{""0|0|0|0|0|0|1|1|0|0|0|0|1"":1}"
King's Gambit Accepted,5,C33,1. e4 e5 2. f4 exf4 3. Bc4 d5 4. Bxd5 c6,e2e4 e7e5 f2f4 e5f4 f1c4 d7d5 c4d5 c7c6,0.204636,0.986565,0.029,0.43225,0.2145,0.381536,0.23125,0.035,0.530826,0.176727,0.990662,0.029,0.442,0.2145,0.381536,0.15,0.1,0.542214,0.180893,0.986252,0.029,0.4225,0.2145,0.381536,0.25,0.1,0.531603,0.693878,0.57483,0.578231,0.234694,0.748299,0.564626,0.659864,0.785714,0.102041,0.761905,0.670068,0.62585,0.363946,0.748299,0.564626,0.605442,0.785714,0.102041,0.768707,0.346939,0.690476,0.132653,0.748299,0.564626,0.727891,0.785714,0.088435,0.310918,0.310918,0.310918,0.310918,"{""0|0|0|1|0|0|2|2|0|1|1|0|0"":4,""0|0|0|1|0|0|2|2|0|1|2|0|0"":1}"
King's Gambit Declined,5,C30,1. e4 e5 2. f4 Bc5 3. Nf3 d6 4. c3 Bg4 5. fxe5 dxe5 6. Qa4+,e2e4 e7e5 f2f4 f8c5 g1f3 d7d6 c2c3 c8g4 f4e5 d6e5 d1a4,0.464667,0.742455,0.029,0.489667,0.154,0.419921,0.3,0.02625,0.559213,0.417867,0.718742,0.029,0.468,0.154,0.419921,0.2875,0.05,0.554747,0.331451,0.717043,0.025667,0.511333,0.154,0.419921,0.2875,0.05,0.558318,0.993197,0.006803,0.578231,0.605442,0.642857,0.877551,0.87415,0.629252,0.190476,0.993197,0.020408,0.62585,0.486395,0.642857,0.877551,0.87415,0.622449,0.163265,0.979592,0.0,0.408163,0.639456,0.642857,0.877551,0.863946,0.622449,0.14966,0.310918,0.310918,0.310918,0.310918,"{""0|0|0|0|0|0|1|1|0|0|0|0|1"":4,""0|0|0|0|0|0|2|2|0|1|1|0|1"":1}"
King's Indian Attack,5,A05,1. Nf3 Nf6 2. g3 g6 3. Bg2 Bg7 4. O-O O-O 5. d3 d5,g1f3 g8f6 g2g3 g7g6 f1g2 f8g7 e1g1 e8g8 d2d3 d7d5,0.004364,0.995969,0.023,0.616,0.0,0.338663,0.05,0.0,0.618308,0.001994,0.997077,0.023,0.616,0.0,0.338663,0.0375,0.0,0.618711,0.001994,0.997077,0.023,0.616,0.0,0.338663,0.0375,0.0,0.618711,0.088435,0.959184,0.081633,0.938776,0.204082,0.129252,0.251701,0.231293,0.986395,0.006803,0.965986,0.176871,0.928571,0.204082,0.129252,0.255102,0.231293,0.986395,0.013605,0.979592,0.180272,0.928571,0.204082,0.129252,0.258503,0.231293,0.979592,0.0,0.0,0.0,0.0,"{""0|0|0|0|0|0|1|1|0|0|0|0|0"":5}"
"King's Indian Attack, with Bf5",5,A07,1. Nf3 Nf6 2. g3 d5 3. Bg2 c6 4. O-O Bf5 5. d3 h6 6. c4 dxc4,g1f3 g8f6 g2g3 d7d5 f1g2 c7c6 e1g1 c8f5 d2d3 h7h6 c2c4 d5c4,0.01053,0.990143,0.023,0.76,0.0,0.381444,0.05,0.0,0.615567,0.003644,0.993122,0.0,1.0,0.0,0.381444,0.0375,0.0,0.620027,0.010163,0.991841,0.023,0.52,0.0,0.381444,0.0375,0.0,0.615455,0.217687,0.748299,0.081633,0.986395,0.204082,0.557823,0.251701,0.231293,0.755102,0.170068,0.802721,0.003401,0.996599,0.204082,0.557823,0.255102,0.231293,0.993197,0.258503,0.721088,0.180272,0.768707,0.204082,0.557823,0.258503,0.231293,0.673469,0.310918,0.310918,0.310918,0.310918,"{""0|0|0|0|0|0|1|1|0|0|0|0|0"":4,""0|0|0|1|0|0|2|2|0|1|1|0|0"":1}"
"King's Indian Attack, with e6",2,A07,1. Nf3 Nf6 2. g3 d5 3. Bg2 e6 4. O-O Be7,g1f3 g8f6 g2g3 d7d5 f1g2 e7e6 e1g1 f8e7,0.001909,0.995934,0.023,0.68875,0.0,0.36264,0.05,0.0,0.618537,0.001388,0.997039,0.017,0.80875,0.0,0.36264,0.0375,0.0,0.620651,0.001388,0.997039,0.023,0.56875,0.0,0.36264,0.0375,0.0,0.618633,0.013605,0.952381,0.081633,0.972789,0.204082,0.319728,0.251701,0.231293,1.0,0.0,0.959184,0.034014,0.979592,0.204082,0.319728,0.255102,0.231293,1.0,0.0,0.972789,0.180272,0.911565,0.204082,0.319728,0.258503,0.231293,0.972789,0.0,0.0,0.0,0.0,"{""0|0|0|0|0|0|1|1|0|0|0|0|0"":2}"
King's Indian Defense,5,E60,1. d4 Nf6 2. c4 g6 3. Nc3 Bg7 4. Nf3 O-O 5. e3 d6 6. Be2 c6,d2d4 g8f6 c2c4 g7g6 b1c3 f8g7 g1f3 e8g8 e2e3 d7d6 f1e2 c7c6,0.004227,0.995864,0.029,0.5875,0.0,0.368002,0.05,0.0,0.617787,0.002751,0.996279,0.029,0.52,0.0,0.368002,0.0375,0.0,0.618015,0.002751,0.996279,0.023,0.655,0.0,0.368002,0.0375,0.0,0.618915,0.064626,0.935374,0.578231,0.918367,0.204082,0.387755,0.251701,0.231293,0.972789,0.119048,0.92517,0.62585,0.755102,0.204082,0.387755,0.255102,0.231293,0.959184,0.088435,0.938776,0.180272,0.962585,0.204082,0.387755,0.258503,0.231293,0.993197,0.0,0.0,0.0,0.0,"{""0|0|0|0|0|0|1|1|0|0|0|0|0"":5}"
King's Knight Opening,3,C40;C44,1. e4 e5 2. Nf3 Nc6 3. g3,e2e4 e7e5 g1f3 b8c6 g2g3,0.018242,0.984532,0.029,0.492917,0.275,0.363986,0.3,0.0,0.60304,0.008559,0.988415,0.023,0.52,0.275,0.363986,0.2875,0.0,0.604337,0.014767,0.988571,0.029,0.465833,0.275,0.363986,0.2875,0.0,0.604067,0.285714,0.459184,0.578231,0.619048,0.823129,0.346939,0.87415,0.231293,0.47619,0.29932,0.493197,0.176871,0.755102,0.823129,0.346939,0.87415,0.231293,0.44898,0.29932,0.482993,0.690476,0.442177,0.823129,0.346939,0.863946,0.231293,0.44898,0.0,0.0,0.0,0.0,"{""0|0|0|0|0|0|1|1|0|0|0|0|1"":3}"
King's Pawn Game,5,B00;B07;C20,1. e4 d6 2. d4 e5,e2e4 d7d6 d2d4 e7e5,0.009273,0.987379,0.029,0.43225,0.0,0.375233,0.3,0.0,0.602495,0.003931,0.990662,0.029,0.442,0.0,0.375233,0.2875,0.0,0.603492,0.003771,0.99156,0.029,0.4225,0.0,0.375233,0.2875,0.0,0.604117,0.193878,0.629252,0.578231,0.234694,0.204082,0.503401,0.87415,0.231293,0.455782,0.176871,0.670068,0.62585,0.363946,0.204082,0.503401,0.87415,0.231293,0.428571,0.166667,0.697279,0.690476,0.132653,0.204082,0.503401,0.863946,0.231293,0.455782,0.310918,0.310918,0.310918,0.310918,"{""0|0|0|0|0|0|1|1|0|0|0|0|0"":1,""0|0|0|0|0|0|1|1|0|0|0|0|1"":4}"
King's Pawn Opening,3,C20,1. e4 e5 2. Qe2 Nc6 3. c3 Nf6 4. Nf3 Bc5 5. d4 exd4 6. cxd4 Nxd4,e2e4 e7e5 d1e2 b8c6 c2c3 g8f6 g1f3 f8c5 d2d4 e5d4 c3d4 c6d4,0.278485,0.98604,0.029,0.498333,0.1375,0.405546,0.3,0.030625,0.590709,0.232455,0.989053,0.029,0.476667,0.1375,0.405546,0.2875,0.075,0.579478,0.207397,0.989304,0.029,0.52,0.1375,0.405546,0.2875,0.075,0.601328,0.755102,0.557823,0.578231,0.670068,0.561224,0.768707,0.87415,0.72449,0.326531,0.823129,0.557823,0.62585,0.578231,0.561224,0.768707,0.87415,0.717687,0.210884,0.829932,0.537415,0.690476,0.768707,0.561224,0.768707,0.863946,0.717687,0.380952,0.57938,0.57938,0.57938,0.57938,"{""0|0|0|0|0|0|1|1|0|0|0|0|1"":2,""0|0|0|0|0|0|2|2|0|2|1|0|0"":1}"
Kádas Opening,5,A00,1. h4 d5 2. d4 c5 3. Nf3 cxd4 4. c3,h2h4 d7d5 d2d4 c7c5 g1f3 c5d4 c2c3,0.096,0.994074,0.031667,0.423583,0.2145,0.347264,0.05,0.02625,0.616688,0.061407,0.99532,0.031667,0.424667,0.2145,0.347264,0.0375,0.05,0.616864,0.061407,0.99532,0.029,0.4225,0.2145,0.347264,0.0375,0.05,0.616864,0.455782,0.843537,0.897959,0.156463,0.748299,0.197279,0.251701,0.629252,0.85034,0.462585,0.870748,0.904762,0.258503,0.748299,0.197279,0.255102,0.622449,0.809524,0.462585,0.857143,0.690476,0.132653,0.748299,0.197279,0.258503,0.622449,0.843537,0.310918,0.310918,0.310918,0.310918,"{""0|0|0|0|0|0|1|1|0|0|0|0|0"":4,""0|0|0|1|0|0|2|2|0|1|1|0|0"":1}"
Lasker Simul Special,1,A00,1. g3 h5,g2g3 h7h5,0.003,0.995549,0.029,0.4225,0.3575,0.334321,0.05,0.0,0.616776,0.002197,0.996105,0.029,0.4225,0.3575,0.334321,0.0375,0.0,0.616912,0.002197,0.996105,0.029,0.4225,0.3575,0.334321,0.0375,0.0,0.616912,0.034014,0.904762,0.578231,0.091837,0.880952,0.095238,0.251701,0.231293,0.884354,0.034014,0.904762,0.62585,0.146259,0.880952,0.095238,0.255102,0.231293,0.816327,0.020408,0.911565,0.690476,0.132653,0.880952,0.095238,0.258503,0.231293,0.85034,0.0,0.0,0.0,0.0,"{""0|0|0|0|0|0|1|1|0|0|0|0|0"":1}"
Latvian Gambit,5,C40,1. e4 e5 2. Nf3 f5 3. Bc4 fxe4 4. Nxe5 Qg5 5. Nf7 Qxg2 6. Rf1 d5 7. Nxh8 Nf6,e2e4 e7e5 g1f3 f7f5 f1c4 f5e4 f3e5 d8g5 e5f7 g5g2 h1f1 d7d5 f7h8 g8f6,0.413061,0.981295,0.103,0.457417,0.2255,0.408387,0.3,0.210625,0.576452,0.33993,0.986252,0.103,0.5005,0.2255,0.408387,0.2875,0.2,0.586289,0.23221,0.986252,0.065,0.414333,0.2255,0.408387,0.2875,0.2,0.573348,0.945578,0.340136,0.959184,0.380952,0.77551,0.789116,0.87415,0.986395,0.244898,0.945578,0.363946,0.972789,0.663265,0.77551,0.789116,0.87415,0.94898,0.244898,0.857143,0.346939,0.969388,0.027211,0.77551,0.789116,0.863946,0.94898,0.176871,0.655459,0.655459,0.655459,0.655459,"{""0|0|0|0|0|0|1|1|0|0|0|0|1"":2,""0|0|0|0|0|0|2|2|0|1|1|0|0"":2,""2|0|0|0|0|0|3|2|0|2|1|0|0"":1}"
Latvian Gambit Accepted,5,C40,1. e4 e5 2. Nf3 f5 3. Nxe5 Qf6 4. d4 d6 5. Nc4 fxe4 6. Qh5+ g6 7. Qe2,e2e4 e7e5 g1f3 f7f5 f3e5 d8f6 d2d4 d7d6 e5c4 f5e4 d1h5 g7g6 h5e2,0.341136,0.771986,0.029,0.507,0.4015,0.444256,0.1875,0.035,0.511746,0.388181,0.708631,0.023,0.5395,0.4015,0.444256,0.15,0.1,0.504528,0.166064,0.863787,0.029,0.4745,0.4015,0.444256,0.15,0.1,0.541335,0.870748,0.013605,0.578231,0.741497,0.945578,0.938776,0.591837,0.785714,0.054422,0.979592,0.013605,0.176871,0.853741,0.945578,0.938776,0.605442,0.785714,0.040816,0.721088,0.108844,0.690476,0.5,0.945578,0.938776,0.602041,0.785714,0.108844,0.590436,0.590436,0.590436,0.590436,"{""0|0|0|0|0|0|1|2|0|0|1|0|0"":1,""0|0|0|0|0|0|2|2|0|1|1|0|0"":3,""0|0|1|0|0|0|2|2|0|1|1|0|0"":1}"
Lemming Defense,1,B00,1. e4 Na6,e2e4 b8a6,0.035212,0.985752,0.029,0.455,0.3575,0.349138,0.05,0.0,0.610671,0.00611,0.989763,0.029,0.4225,0.3575,0.349138,0.0375,0.0,0.615619,0.02611,0.989763,0.025,0.4875,0.3575,0.349138,0.0375,0.0,0.612819,0.326531,0.537415,0.578231,0.346939,0.880952,0.217687,0.251701,0.231293,0.557823,0.244898,0.598639,0.62585,0.146259,0.880952,0.217687,0.255102,0.231293,0.680272,0.353741,0.557823,0.357143,0.571429,0.880952,0.217687,0.258503,0.231293,0.557823,0.0,0.0,0.0,0.0,"{""0|0|0|0|0|0|1|1|0|0|0|0|0"":1}"
Lion Defense,5,B00;B07,1. e4 d6 2. d4 Nf6 3. Nc3 Nbd7 4. f4 e5 5. Nf3 exd4 6. Qxd4 c6 7. Bc4 d5,e2e4 d7d6 d2d4 g8f6 b1c3 b8d7 f2f4 e7e5 g1f3 e5d4 d1d4 c7c6 f1c4 d6d5,0.069439,0.954899,0.06,0.455417,0.2475,0.387153,0.25,0.0,0.6134,0.09253,0.976735,0.051667,0.438833,0.2475,0.387153,0.2125,0.0,0.615474,0.017466,0.943114,0.06,0.472,0.2475,0.387153,0.2125,0.0,0.614664,0.394558,0.238095,0.92517,0.367347,0.802721,0.62585,0.734694,0.231293,0.639456,0.537415,0.285714,0.92517,0.346939,0.802721,0.62585,0.680272,0.231293,0.673469,0.326531,0.183673,0.955782,0.479592,0.802721,0.62585,0.670068,0.231293,0.619048,0.590436,0.590436,0.590436,0.590436,"{""0|0|0|0|0|0|1|1|0|0|0|0|0"":3,""0|0|0|0|0|0|1|1|0|0|0|0|1"":1,""0|0|0|0|0|0|2|2|0|1|1|0|0"":1}"
London System,4,A48;D02,1. d4 Nf6 2. Nf3 d5 3. Bf4 c5 4. e3 Qb6 5. Nc3,d2d4 g8f6 g1f3 d7d5 c1f4 c7c5 e2e3 d8b6 b1c3,0.105917,0.985204,0.023,0.548438,0.11,0.410428,0.1125,0.0,0.616654,0.104706,0.968795,0.023,0.528125,0.11,0.410428,0.1,0.0,0.616476,0.066612,0.995991,0.023,0.56875,0.11,0.410428,0.1,0.0,0.618507,0.489796,0.517007,0.081633,0.870748,0.544218,0.809524,0.527211,0.231293,0.843537,0.578231,0.251701,0.176871,0.843537,0.544218,0.809524,0.547619,0.231293,0.755102,0.47619,0.897959,0.180272,0.911565,0.544218,0.809524,0.55102,0.231293,0.959184,0.405639,0.405639,0.405639,0.405639,"{""0|0|0|0|0|0|1|1|0|0|0|0|0"":3,""0|0|0|0|0|0|1|1|0|0|0|0|1"":1}"
"London System, with Bd3",1,A48,1. d4 Nf6 2. Nf3 g6 3. Bf4 Bg7 4. e3 d6 5. Bd3,d2d4 g8f6 g1f3 g7g6 c1f4 f8g7 e2e3 d7d6 f1d3,0.034561,0.989168,0.017,0.6175,0.0,0.404562,0.05,0.0,0.613254,0.120512,0.956617,0.017,0.6175,0.0,0.404562,0.0375,0.0,0.598643,0.001719,0.995374,0.017,0.6175,0.0,0.404562,0.0375,0.0,0.618837,0.319728,0.693878,0.003401,0.945578,0.204082,0.761905,0.251701,0.231293,0.62585,0.632653,0.217687,0.034014,0.94898,0.204082,0.761905,0.255102,0.231293,0.333333,0.006803,0.870748,0.020408,0.945578,0.204082,0.761905,0.258503,0.231293,0.986395,0.0,0.0,0.0,0.0,"{""0|0|0|0|0|0|1|1|0|0|0|0|0"":1}"
"London System, with Be2",3,A48,1. d4 Nf6 2. Nf3 g6 3. Bf4 Bg7 4. e3 d6 5. h3 c5 6. Be2,d2d4 g8f6 g1f3 g7g6 c1f4 f8g7 e2e3 d7d6 h2h3 c7c5 f1e2,0.083311,0.989864,0.017,0.68125,0.0,0.41033,0.05,0.0,0.615026,0.123451,0.955851,0.017,0.6175,0.0,0.41033,0.0375,0.0,0.599503,0.054314,0.997241,0.017,0.745,0.0,0.41033,0.0375,0.0,0.6198,0.421769,0.741497,0.003401,0.965986,0.204082,0.802721,0.251701,0.231293,0.687075,0.653061,0.210884,0.034014,0.94898,0.204082,0.802721,0.255102,0.231293,0.346939,0.455782,0.993197,0.020408,0.986395,0.204082,0.802721,0.258503,0.231293,1.0,0.0,0.0,0.0,0.0,"{""0|0|0|0|0|0|1|1|0|0|0|0|0"":3}"
Marienbad System,2,A47,1. d4 Nf6 2. Nf3 b6 3. g3 Bb7 4. Bg2 c5 5. c4 cxd4 6. Qxd4,d2d4 g8f6 g1f3 b7b6 g2g3 c8b7 f1g2 c7c5 c2c4 c5d4 d1d4,0.211663,0.950112,0.023,0.56875,0.0,0.40908,0.153125,0.02625,0.586118,0.168719,0.969672,0.017,0.6175,0.0,0.40908,0.121875,0.075,0.590129,0.114057,0.952943,0.023,0.52,0.0,0.40908,0.121875,0.075,0.597803,0.70068,0.22449,0.081633,0.904762,0.204082,0.795918,0.564626,0.629252,0.278912,0.721088,0.258503,0.034014,0.94898,0.204082,0.795918,0.564626,0.717687,0.265306,0.598639,0.217687,0.180272,0.768707,0.204082,0.795918,0.564626,0.717687,0.312925,1.0,1.0,1.0,1.0,"{""0|0|0|0|0|0|1|1|0|0|0|0|0"":1,""0|0|0|0|0|0|2|2|0|1|1|0|0"":1}"
Mexican Defense,2,A50,1. d4 Nf6 2. c4 Nc6 3. d5 Ne5 4. f4,d2d4 g8f6 c2c4 b8c6 d4d5 c6e5 f2f4,0.394705,0.949944,0.031667,0.460417,0.0,0.370171,0.05,0.019688,0.591333,0.164966,0.974248,0.031667,0.400833,0.0,0.370171,0.0375,0.0375,0.604488,0.331263,0.901148,0.023,0.52,0.0,0.370171,0.0375,0.0375,0.596043,0.92517,0.217687,0.897959,0.401361,0.204082,0.428571,0.251701,0.517007,0.340136,0.707483,0.265306,0.904762,0.020408,0.204082,0.428571,0.255102,0.517007,0.462585,0.972789,0.122449,0.180272,0.768707,0.204082,0.428571,0.258503,0.517007,0.29932,0.0,0.0,0.0,0.0,"{""0|0|0|0|0|0|1|1|0|0|0|0|0"":2}"
Mieses Opening,4,A00,1. d3 c5 2. Nc3 Nc6 3. g3,d2d3 c7c5 b1c3 b8c6 g2g3,0.006852,0.986846,0.029,0.433333,0.089375,0.331141,0.05,0.0,0.616202,0.002919,0.990972,0.029,0.43875,0.089375,0.331141,0.0375,0.0,0.617021,0.014999,0.990554,0.029,0.427917,0.089375,0.331141,0.0375,0.0,0.616651,0.14966,0.585034,0.578231,0.255102,0.52381,0.068027,0.251701,0.231293,0.795918,0.142857,0.687075,0.62585,0.340136,0.52381,0.068027,0.255102,0.231293,0.857143,0.312925,0.62585,0.690476,0.244898,0.52381,0.068027,0.258503,0.231293,0.809524,0.0,0.0,0.0,0.0,"{""0|0|0|0|0|0|1|1|0|0|0|0|0"":4}"
Mikenas Defense,4,A40,1. d4 Nc6 2. c4 e5 3. dxe5 Nxe5 4. Nc3 Nxc4,d2d4 b8c6 c2c4 e7e5 d4e5 c6e5 b1c3 e5c4,0.130803,0.990765,0.029,0.457708,0.268125,0.40428,0.103125,0.00875,0.616915,0.073402,0.993566,0.029,0.427917,0.268125,0.40428,0.084375,0.025,0.617252,0.255902,0.965977,0.025,0.4875,0.268125,0.40428,0.08125,0.025,0.61686,0.612245,0.782313,0.578231,0.387755,0.816327,0.755102,0.510204,0.47619,0.897959,0.503401,0.816327,0.62585,0.285714,0.816327,0.755102,0.517007,0.496599,0.877551,0.904762,0.292517,0.357143,0.571429,0.816327,0.755102,0.52381,0.496599,0.836735,0.405639,0.405639,0.405639,0.405639,"{""0|0|0|0|0|0|1|1|0|0|0|0|0"":3,""0|0|0|0|0|0|2|2|0|2|1|0|0"":1}"
Modern Defense,5,A04;A40,1. Nf3 g6 2. d4 Bg7 3. e4 d6 4. c4 c5 5. dxc5 Qa5+,g1f3 g7g6 d2d4 f8g7 e2e4 d7d6 c2c4 c7c5 d4c5 d8a5,0.356182,0.974233,0.029,0.494,0.146667,0.399461,0.175,0.06125,0.557578,0.169132,0.983408,0.029,0.485333,0.146667,0.399461,0.25,0.15,0.591138,0.319533,0.983408,0.025667,0.502667,0.146667,0.399461,0.0375,0.15,0.573393,0.884354,0.292517,0.578231,0.62585,0.619048,0.714286,0.581633,0.891156,0.183673,0.744898,0.326531,0.62585,0.598639,0.619048,0.714286,0.731293,0.897959,0.285714,0.959184,0.326531,0.408163,0.62585,0.619048,0.714286,0.258503,0.897959,0.183673,0.590436,0.590436,0.590436,0.590436,"{""0|0|0|0|0|0|1|1|0|0|0|0|0"":3,""0|0|1|0|0|0|2|2|0|1|1|0|0"":1,""1|0|1|0|0|0|2|1|0|1|0|0|0"":1}"
Montevideo Defense,1,A40,1. d4 Nc6 2. d5 Nb8,d2d4 b8c6 d4d5 c6b8,0.004364,0.99169,0.029,0.4225,0.0,0.357613,0.05,0.0,0.616577,0.002798,0.99355,0.029,0.4225,0.0,0.357613,0.0375,0.0,0.616843,0.007713,0.99355,0.029,0.4225,0.0,0.357613,0.0375,0.0,0.616007,0.088435,0.802721,0.578231,0.091837,0.204082,0.278912,0.251701,0.231293,0.836735,0.132653,0.809524,0.62585,0.146259,0.204082,0.278912,0.255102,0.231293,0.802721,0.238095,0.795918,0.690476,0.132653,0.204082,0.278912,0.258503,0.231293,0.721088,0.0,0.0,0.0,0.0,"{""0|0|0|0|0|0|1|1|0|0|0|0|0"":1}"
Neo-Grünfeld Defense,5,D70;D71;D72,1. d4 Nf6 2. c4 g6 3. g3 d5 4. Bg2 Bg7 5. cxd5 Nxd5 6. e4 Nb6 7. Ne2,d2d4 g8f6 c2c4 g7g6 g2g3 d7d5 f1g2 f8g7 c4d5 f6d5 e2e4 d5b6 g1e2,0.404303,0.871272,0.029,0.52975,0.0,0.450182,0.3,0.035,0.535013,0.332911,0.835383,0.029,0.5005,0.0,0.450182,0.2875,0.1,0.547657,0.148851,0.916624,0.023,0.559,0.0,0.450182,0.2875,0.1,0.578257,0.931973,0.108844,0.578231,0.833333,0.204082,0.952381,0.87415,0.785714,0.129252,0.931973,0.061224,0.62585,0.663265,0.204082,0.952381,0.87415,0.785714,0.136054,0.70068,0.142857,0.180272,0.897959,0.204082,0.952381,0.863946,0.785714,0.204082,0.418166,0.418166,0.418166,0.418166,"{""0|0|0|0|0|0|1|1|0|0|0|0|1"":3,""0|0|0|0|0|0|2|2|0|1|1|0|0"":2}"
Nimzo-Indian Defense,5,E20,1. d4 Nf6 2. c4 e6 3. Nc3 Bb4 4. e4,d2d4 g8f6 c2c4 e7e6 b1c3 f8b4 e2e4,0.137,0.943328,0.027667,0.537333,0.386833,0.391141,0.05,0.0,0.595837,0.068147,0.977365,0.027667,0.457167,0.386833,0.391141,0.0375,0.0,0.609255,0.118321,0.838698,0.017,0.6175,0.386833,0.391141,0.0375,0.0,0.599522,0.632653,0.210884,0.255102,0.863946,0.92517,0.659864,0.251701,0.231293,0.380952,0.47619,0.292517,0.346939,0.455782,0.92517,0.659864,0.255102,0.231293,0.52381,0.62585,0.07483,0.020408,0.945578,0.92517,0.659864,0.258503,0.231293,0.346939,0.0,0.0,0.0,0.0,"{""0|0|0|0|0|0|1|1|0|0|0|0|0"":5}"
Nimzo-Larsen Attack,5,A01,1. b3 d5 2. Ba3,b2b3 d7d5 c1a3,0.012,0.990764,0.029,0.429,0.143,0.33196,0.05,0.0,0.615853,0.005186,0.990454,0.029,0.4355,0.143,0.33196,0.0375,0.0,0.616727,0.004842,0.990988,0.029,0.4225,0.143,0.33196,0.0375,0.0,0.616719,0.244898,0.77551,0.578231,0.207483,0.591837,0.07483,0.251701,0.231293,0.782313,0.231293,0.632653,0.62585,0.319728,0.591837,0.07483,0.255102,0.231293,0.795918,0.210884,0.646259,0.690476,0.132653,0.591837,0.07483,0.258503,0.231293,0.823129,0.0,0.0,0.0,0.0,"{""0|0|0|0|0|0|1|1|0|0|0|0|0"":5}"
Nimzowitsch Defense,5,B00,1. e4 Nc6 2. Nc3 Nf6 3. d4 e5,e2e4 b8c6 b1c3 g8f6 d2d4 e7e5,0.023727,0.984939,0.029,0.48425,0.3905,0.330191,0.23125,0.02625,0.614011,0.007891,0.989104,0.029,0.4745,0.3905,0.330191,0.25,0.05,0.615055,0.007891,0.988864,0.025,0.494,0.3905,0.330191,0.15,0.05,0.615655,0.29932,0.493197,0.578231,0.564626,0.931973,0.040816,0.659864,0.629252,0.659864,0.285714,0.564626,0.62585,0.557823,0.931973,0.040816,0.731293,0.622449,0.62585,0.244898,0.513605,0.357143,0.608844,0.931973,0.040816,0.602041,0.622449,0.70068,0.590436,0.590436,0.590436,0.590436,"{""0|0|0|0|0|0|1|1|0|0|0|0|0"":3,""0|0|0|0|0|0|1|1|0|0|0|0|1"":1,""0|0|1|0|0|0|2|2|0|1|1|0|0"":1}"
Old Indian Defense,5,A41;A53,1. d4 Nf6 2. c4 d6 3. Nc3 c6,d2d4 g8f6 c2c4 d7d6 b1c3 c7c6,0.008727,0.994215,0.031667,0.469083,0.075167,0.380458,0.05,0.0,0.616268,0.02523,0.995475,0.031667,0.437667,0.075167,0.380458,0.0375,0.0,0.617344,0.003163,0.995475,0.029,0.5005,0.075167,0.380458,0.0375,0.0,0.616795,0.173469,0.857143,0.897959,0.455782,0.462585,0.544218,0.251701,0.231293,0.802721,0.37415,0.884354,0.904762,0.333333,0.462585,0.544218,0.255102,0.231293,0.904762,0.156463,0.877551,0.690476,0.619048,0.462585,0.544218,0.258503,0.231293,0.829932,0.0,0.0,0.0,0.0,"{""0|0|0|0|0|0|1|1|0|0|0|0|0"":5}"
Owen Defense,5,B00,1. e4 b6 2. d4 Bb7 3. Bd3 f5 4. exf5 Bxg2 5. Qh5+ g6,e2e4 b7b6 d2d4 c8b7 f1d3 f7f5 e4f5 b7g2 d1h5 g7g6,0.411333,0.986565,0.029,0.455,0.0715,0.414497,0.23125,0.035,0.614261,0.352944,0.990475,0.029,0.4485,0.0715,0.414497,0.25,0.1,0.614962,0.149611,0.990475,0.029,0.4615,0.0715,0.414497,0.15,0.1,0.615562,0.938776,0.57483,0.578231,0.346939,0.431973,0.843537,0.659864,0.785714,0.666667,0.952381,0.64966,0.62585,0.414966,0.431973,0.843537,0.731293,0.785714,0.612245,0.707483,0.608844,0.690476,0.411565,0.431973,0.843537,0.602041,0.785714,0.693878,0.590436,0.590436,0.590436,0.590436,"{""0|0|0|0|0|0|1|1|0|0|0|0|0"":3,""0|0|1|0|0|0|2|2|0|1|1|0|0"":1,""3|0|1|0|0|0|3|2|0|2|1|0|0"":1}"
Paleface Attack,1,A45,1. d4 Nf6 2. f3,d2d4 g8f6 f2f3,0.011045,0.994764,0.029,0.47125,0.0,0.340221,0.05,0.0,0.610553,0.004738,0.994555,0.029,0.4225,0.0,0.340221,0.0375,0.0,0.611625,0.004738,0.994555,0.023,0.52,0.0,0.340221,0.0375,0.0,0.612525,0.22449,0.877551,0.578231,0.489796,0.204082,0.142857,0.251701,0.231293,0.55102,0.210884,0.843537,0.62585,0.146259,0.204082,0.142857,0.255102,0.231293,0.537415,0.204082,0.836735,0.180272,0.768707,0.204082,0.142857,0.258503,0.231293,0.55102,0.0,0.0,0.0,0.0,"{""0|0|0|0|0|0|1|1|0|0|0|0|0"":1}"
Petrov's Defense,5,C42,1. e4 e5 2. Nf3 Nf6 3. Nxe5 d6 4. Nf3 Nxe4,e2e4 e7e5 g1f3 g8f6 f3e5 d7d6 e5f3 f6e4,0.333758,0.981295,0.023,0.52,0.0,0.372277,0.2375,0.035,0.550295,0.337873,0.986252,0.023,0.52,0.0,0.372277,0.2125,0.1,0.548772,0.091741,0.986252,0.023,0.52,0.0,0.372277,0.2125,0.1,0.569869,0.85034,0.340136,0.081633,0.789116,0.204082,0.44898,0.710884,0.785714,0.170068,0.938776,0.363946,0.176871,0.755102,0.204082,0.44898,0.680272,0.785714,0.142857,0.557823,0.346939,0.180272,0.768707,0.204082,0.44898,0.670068,0.785714,0.170068,0.590436,0.590436,0.590436,0.590436,"{""0|0|0|0|0|0|1|1|0|0|0|0|1"":1,""0|0|0|0|0|0|1|2|0|0|1|0|0"":3,""0|0|0|0|0|0|2|2|1|0|0|0|0"":1}"
Philidor Defense,5,C41,1. e4 e5 2. Nf3 d6 3. d4 Bg4 4. dxe5 Nd7,e2e4 e7e5 g1f3 d7d6 d2d4 c8g4 d4e5 b8d7,0.223818,0.984125,0.029,0.5135,0.088,0.407051,0.3,0.0,0.591069,0.227854,0.986252,0.023,0.559,0.088,0.407051,0.2875,0.0,0.591788,0.069748,0.99097,0.029,0.468,0.088,0.407051,0.2875,0.0,0.604427,0.714286,0.42517,0.578231,0.748299,0.517007,0.77551,0.87415,0.231293,0.333333,0.802721,0.363946,0.176871,0.891156,0.517007,0.77551,0.87415,0.231293,0.29932,0.493197,0.639456,0.690476,0.44898,0.517007,0.77551,0.863946,0.231293,0.47619,0.310918,0.310918,0.310918,0.310918,"{""0|0|0|0|0|0|1|1|0|0|0|0|1"":4,""0|0|1|0|0|0|2|2|0|1|1|0|0"":1}"
Pirc Defense,5,B00;B07,1. e4 d6 2. d4 Nf6 3. Nc3 g6,e2e4 d7d6 d2d4 g8f6 b1c3 g7g6,0.09,0.987379,0.029,0.468,0.0825,0.389304,0.05,0.0,0.608636,0.092756,0.988864,0.029,0.455,0.0825,0.389304,0.0375,0.0,0.603347,0.006812,0.993253,0.029,0.481,0.0825,0.389304,0.0375,0.0,0.616689,0.428571,0.629252,0.578231,0.435374,0.493197,0.639456,0.251701,0.231293,0.537415,0.544218,0.530612,0.62585,0.442177,0.493197,0.639456,0.255102,0.231293,0.414966,0.231293,0.785714,0.690476,0.530612,0.493197,0.639456,0.258503,0.231293,0.816327,0.0,0.0,0.0,0.0,"{""0|0|0|0|0|0|1|1|0|0|0|0|0"":5}"
Polish Defense,2,A40,1. d4 b5 2. e4 Bb7 3. Bxb5,d2d4 b7b5 e2e4 c8b7 f1b5,0.134966,0.988285,0.029,0.452291,0.187916,0.339033,0.110938,0.02625,0.595871,0.070542,0.991272,0.029,0.47125,0.187916,0.339033,0.0375,0.075,0.600053,0.086167,0.991272,0.029,0.433333,0.187916,0.339033,0.15,0.075,0.598992,0.62585,0.666667,0.578231,0.319728,0.721088,0.136054,0.517007,0.629252,0.387755,0.489796,0.70068,0.62585,0.513605,0.721088,0.136054,0.255102,0.717687,0.367347,0.52381,0.673469,0.690476,0.261905,0.721088,0.136054,0.602041,0.717687,0.333333,1.0,1.0,1.0,1.0,"{""0|0|0|0|0|0|1|1|0|0|0|0|0"":1,""0|1|0|0|0|0|1|2|0|0|1|0|0"":1}"
Polish Opening,5,A00,1. b4 e5 2. Bb2 f6 3. b5,b2b4 e7e5 c1b2 f7f6 b4b5,0.114818,0.988636,0.029,0.433333,0.0715,0.349715,0.05,0.0,0.616831,0.110355,0.991906,0.029,0.431167,0.0715,0.349715,0.0375,0.0,0.617113,0.014363,0.991906,0.029,0.4355,0.0715,0.349715,0.0375,0.0,0.617121,0.530612,0.687075,0.578231,0.255102,0.431973,0.22449,0.251701,0.231293,0.891156,0.585034,0.741497,0.62585,0.292517,0.431973,0.22449,0.255102,0.231293,0.863946,0.292517,0.727891,0.690476,0.285714,0.431973,0.22449,0.258503,0.231293,0.863946,0.0,0.0,0.0,0.0,"{""0|0|0|0|0|0|1|1|0|0|0|0|0"":5}"
"Polish Opening, with d5",2,A00,1. b4 d5 2. Bb2 Nf6 3. Nf3,b2b4 d7d5 c1b2 g8f6 g1f3,0.025806,0.990563,0.029,0.47125,0.0,0.355973,0.05,0.0,0.615115,0.006086,0.991724,0.029,0.47125,0.0,0.355973,0.0375,0.0,0.617009,0.027771,0.992571,0.029,0.47125,0.0,0.355973,0.0375,0.0,0.615105,0.306122,0.768707,0.578231,0.489796,0.204082,0.272109,0.251701,0.231293,0.70068,0.238095,0.727891,0.62585,0.513605,0.204082,0.272109,0.255102,0.231293,0.843537,0.360544,0.748299,0.690476,0.465986,0.204082,0.272109,0.258503,0.231293,0.646259,0.0,0.0,0.0,0.0,"{""0|0|0|0|0|0|1|1|0|0|0|0|0"":2}"
Ponziani Opening,5,C44,1. e4 e5 2. Nf3 Nc6 3. c3 d5 4. Qa4 Bd7,e2e4 e7e5 g1f3 b8c6 c2c3 d7d5 d1a4 c8d7,0.108242,0.950827,0.025,0.52,0.1705,0.375249,0.3,0.0,0.593802,0.116245,0.949974,0.023,0.52,0.1705,0.375249,0.2875,0.0,0.593762,0.012872,0.960107,0.025,0.52,0.1705,0.375249,0.2875,0.0,0.603344,0.503401,0.231293,0.183673,0.789116,0.683673,0.510204,0.87415,0.231293,0.360544,0.605442,0.183673,0.176871,0.755102,0.683673,0.510204,0.87415,0.231293,0.306122,0.278912,0.272109,0.357143,0.768707,0.683673,0.510204,0.863946,0.231293,0.428571,0.0,0.0,0.0,0.0,"{""0|0|0|0|0|0|1|1|0|0|0|0|1"":5}"
Portuguese Opening,3,C20,1. e4 e5 2. Bb5 Bc5 3. b4,e2e4 e7e5 f1b5 f8c5 b2b4,0.123114,0.983117,0.029,0.50375,0.0,0.372671,0.3,0.02625,0.594845,0.15205,0.987558,0.023,0.52,0.0,0.372671,0.2875,0.05,0.591035,0.049966,0.987558,0.029,0.4875,0.0,0.372671,0.2875,0.05,0.603878,0.585034,0.387755,0.578231,0.714286,0.204082,0.47619,0.87415,0.629252,0.37415,0.687075,0.414966,0.176871,0.755102,0.204082,0.47619,0.87415,0.622449,0.278912,0.442177,0.401361,0.690476,0.571429,0.204082,0.47619,0.863946,0.622449,0.442177,0.0,0.0,0.0,0.0,"{""0|0|0|0|0|0|1|1|0|0|0|0|1"":3}"
Pseudo Queen's Indian Defense,2,A47,1. d4 Nf6 2. Nf3 b6 3. e3 Bb7 4. Bd3 e6 5. Nbd2 c5 6. b3 Be7,d2d4 g8f6 g1f3 b7b6 e2e3 c8b7 f1d3 e7e6 b1d2 c7c5 b2b3 f8e7,0.067932,0.982786,0.023,0.56875,0.0,0.403903,0.05,0.0,0.615107,0.071519,0.982406,0.023,0.56875,0.0,0.403903,0.0375,0.0,0.614732,0.048973,0.987218,0.023,0.56875,0.0,0.403903,0.0375,0.0,0.616009,0.380952,0.37415,0.081633,0.904762,0.204082,0.748299,0.251701,0.231293,0.693878,0.496599,0.319728,0.176871,0.897959,0.204082,0.748299,0.255102,0.231293,0.591837,0.435374,0.380952,0.180272,0.911565,0.204082,0.748299,0.258503,0.231293,0.727891,0.0,0.0,0.0,0.0,"{""0|0|0|0|0|0|1|1|0|0|0|0|0"":2}"
Pterodactyl Defense,5,A40,1. d4 g6 2. c4 Bg7 3. Nc3 c5 4. d5 d6 5. e4 Bxc3+ 6. bxc3 Qa5,d2d4 g7g6 c2c4 f8g7 b1c3 c7c5 d4d5 d7d6 e2e4 g7c3 b2c3 d8a5,0.356667,0.923907,0.029,0.49725,0.2255,0.419436,0.175,0.27875,0.576069,0.169132,0.951146,0.029,0.4745,0.2255,0.419436,0.2875,0.275,0.600056,0.244495,0.839269,0.023,0.52,0.2255,0.419436,0.0375,0.275,0.575363,0.891156,0.170068,0.578231,0.656463,0.77551,0.863946,0.581633,0.993197,0.238095,0.744898,0.190476,0.62585,0.557823,0.77551,0.863946,0.87415,0.972789,0.37415,0.884354,0.081633,0.180272,0.768707,0.77551,0.863946,0.258503,0.972789,0.197279,0.590436,0.590436,0.590436,0.590436,"{""0|0|0|0|0|0|1|1|0|0|0|0|0"":3,""1|0|1|0|0|0|2|1|0|1|0|0|0"":1,""1|0|1|0|0|0|2|1|0|1|0|0|1"":1}"
Queen's Gambit,1,D06,1. d4 d5 2. c4,d2d4 d7d5 c2c4,0.029242,0.992744,0.029,0.4225,0.0,0.368593,0.3,0.02625,0.600543,0.053346,0.992833,0.029,0.4225,0.0,0.368593,0.2875,0.05,0.596445,0.004179,0.992833,0.029,0.4225,0.0,0.368593,0.2875,0.05,0.604803,0.312925,0.816327,0.578231,0.091837,0.204082,0.401361,0.87415,0.629252,0.428571,0.435374,0.789116,0.62585,0.146259,0.204082,0.401361,0.87415,0.622449,0.312925,0.183673,0.768707,0.690476,0.132653,0.204082,0.401361,0.863946,0.622449,0.489796,0.0,0.0,0.0,0.0,"{""0|0|0|0|0|0|1|1|0|0|0|0|1"":1}"
Queen's Gambit Accepted,5,D20,1. d4 d5 2. c4 dxc4 3. e4 Nf6,d2d4 d7d5 c2c4 d5c4 e2e4 g8f6,0.301152,0.989672,0.029,0.43225,0.0,0.365306,0.23125,0.035,0.529686,0.17566,0.990475,0.029,0.4225,0.0,0.365306,0.15,0.1,0.530571,0.148125,0.990475,0.029,0.442,0.0,0.365306,0.25,0.1,0.545015,0.802721,0.717687,0.578231,0.234694,0.204082,0.353741,0.659864,0.785714,0.095238,0.755102,0.64966,0.62585,0.146259,0.204082,0.353741,0.605442,0.785714,0.07483,0.693878,0.608844,0.690476,0.323129,0.204082,0.353741,0.727891,0.785714,0.115646,0.310918,0.310918,0.310918,0.310918,"{""0|0|0|1|0|0|2|2|0|1|1|0|0"":4,""0|0|0|1|0|0|2|2|0|1|1|0|1"":1}"
Queen's Gambit Declined,5,D02;D06,1. d4 d5 2. c4 c5 3. cxd5 Nf6 4. e4 Nxe4 5. dxc5 Qa5+,d2d4 d7d5 c2c4 c7c5 c4d5 g8f6 e2e4 f6e4 d4c5 d8a5,0.283152,0.885205,0.029,0.45825,0.0825,0.397651,0.3,0.035,0.57186,0.239509,0.824732,0.029,0.442,0.0825,0.397651,0.2875,0.1,0.563712,0.253138,0.948637,0.029,0.4745,0.0825,0.397651,0.2875,0.1,0.591502,0.768707,0.115646,0.578231,0.394558,0.493197,0.707483,0.87415,0.785714,0.22449,0.85034,0.047619,0.62585,0.363946,0.493197,0.707483,0.87415,0.785714,0.176871,0.891156,0.197279,0.690476,0.5,0.493197,0.707483,0.863946,0.785714,0.265306,0.655459,0.655459,0.655459,0.655459,"{""0|0|0|0|0|0|1|1|0|0|0|0|1"":2,""0|0|0|0|0|0|2|2|0|1|2|0|0"":1,""0|0|1|0|0|0|2|2|0|1|1|0|0"":2}"
Queen's Indian Accelerated,1,A50,1. d4 Nf6 2. c4 b6,d2d4 g8f6 c2c4 b7b6,0.003818,0.994215,0.029,0.47125,0.0,0.372324,0.05,0.0,0.616315,0.002611,0.993608,0.029,0.4225,0.0,0.372324,0.0375,0.0,0.61652,0.002611,0.993608,0.023,0.52,0.0,0.372324,0.0375,0.0,0.61742,0.047619,0.857143,0.578231,0.489796,0.204082,0.459184,0.251701,0.231293,0.809524,0.07483,0.826531,0.62585,0.146259,0.204082,0.459184,0.255102,0.231293,0.768707,0.044218,0.806122,0.180272,0.768707,0.204082,0.459184,0.258503,0.231293,0.891156,0.0,0.0,0.0,0.0,"{""0|0|0|0|0|0|1|1|0|0|0|0|0"":1}"
Queen's Indian Defense,5,E12,1. d4 Nf6 2. c4 e6 3. Nf3 b6 4. Nc3 Bb7 5. Bg5 h6 6. Bh4 g5 7. Bg3 Nh5,d2d4 g8f6 c2c4 e7e6 g1f3 b7b6 b1c3 c8b7 c1g5 h7h6 g5h4 g7g5 h4g3 f6h5,0.11497,0.977292,0.065,0.47025,0.0825,0.399769,0.05,0.0,0.615913,0.049713,0.987287,0.06,0.472,0.0825,0.399769,0.0375,0.0,0.616425,0.121424,0.958314,0.065,0.4685,0.0825,0.399769,0.0375,0.0,0.602148,0.537415,0.29932,0.938776,0.462585,0.493197,0.721088,0.251701,0.231293,0.789116,0.428571,0.401361,0.942177,0.537415,0.493197,0.721088,0.255102,0.231293,0.748299,0.639456,0.244898,0.969388,0.455782,0.493197,0.721088,0.258503,0.231293,0.408163,0.0,0.0,0.0,0.0,"{""0|0|0|0|0|0|1|1|0|0|0|0|0"":5}"
"Queen's Indian Defense, with e3",5,E14,1. d4 Nf6 2. Nf3 e6 3. e3 b6 4. Bd3 Bb7 5. Nbd2 c5 6. b3 Be7 7. Bb2 d6 8. O-O O-O 9. c4,d2d4 g8f6 g1f3 e7e6 e2e3 b7b6 f1d3 c8b7 b1d2 c7c5 b2b3 f8e7 c1b2 d7d6 e1g1 e8g8 c2c4,0.096242,0.93952,0.023,0.86575,0.0,0.396446,0.05,0.0,0.6029,0.097096,0.948109,0.0,1.0,0.0,0.396446,0.0375,0.0,0.60482,0.091489,0.924978,0.023,0.7315,0.0,0.396446,0.0375,0.0,0.604552,0.469388,0.204082,0.081633,0.993197,0.204082,0.680272,0.251701,0.231293,0.469388,0.557823,0.176871,0.003401,0.996599,0.204082,0.680272,0.255102,0.231293,0.489796,0.55102,0.163265,0.180272,0.979592,0.204082,0.680272,0.258503,0.231293,0.482993,0.0,0.0,0.0,0.0,"{""0|0|0|0|0|0|1|1|0|0|0|0|0"":5}"
"Queen's Indian Defense, with e3, Bb4+ Line",1,E14,1. d4 Nf6 2. c4 e6 3. Nf3 Bb4+ 4. Nbd2 b6 5. e3 Bb7,d2d4 g8f6 c2c4 e7e6 g1f3 f8b4 b1d2 b7b6 e2e3 c8b7,0.156061,0.961053,0.023,0.56875,0.0,0.403593,0.05,0.0,0.591655,0.081133,0.975546,0.023,0.52,0.0,0.403593,0.0375,0.0,0.604393,0.138262,0.836879,0.017,0.6175,0.0,0.403593,0.0375,0.0,0.595581,0.673469,0.265306,0.081633,0.904762,0.204082,0.741497,0.251701,0.231293,0.346939,0.517007,0.272109,0.176871,0.755102,0.204082,0.741497,0.255102,0.231293,0.455782,0.680272,0.061224,0.020408,0.945578,0.204082,0.741497,0.258503,0.231293,0.285714,0.0,0.0,0.0,0.0,"{""0|0|0|0|0|0|1|1|0|0|0|0|0"":1}"
Queen's Pawn Game,5,A40;A41;A43,1. d4 c5 2. c4 cxd4 3. e3,d2d4 c7c5 c2c4 c5d4 e2e3,0.015818,0.993341,0.029,0.4225,0.0,0.347553,0.05,0.0,0.617275,0.003056,0.995039,0.029,0.4225,0.0,0.347553,0.0375,0.0,0.6175,0.093056,0.995039,0.029,0.4225,0.0,0.347553,0.0375,0.0,0.6175,0.251701,0.826531,0.578231,0.091837,0.204082,0.204082,0.251701,0.231293,0.945578,0.14966,0.857143,0.62585,0.146259,0.204082,0.204082,0.255102,0.231293,0.92517,0.57483,0.843537,0.690476,0.132653,0.204082,0.204082,0.258503,0.231293,0.904762,0.310918,0.310918,0.310918,0.310918,"{""0|0|0|0|0|0|1|1|0|0|0|0|0"":4,""0|0|0|1|0|0|2|2|0|1|1|0|0"":1}"
"Queen's Pawn, Mengarini Attack",1,E60,1. d4 Nf6 2. c4 g6 3. Qc2,d2d4 g8f6 c2c4 g7g6 d1c2,0.004227,0.995864,0.027667,0.482083,0.375833,0.361623,0.05,0.0,0.616725,0.002751,0.996399,0.027667,0.444167,0.375833,0.361623,0.0375,0.0,0.616976,0.002376,0.996399,0.023,0.52,0.375833,0.361623,0.0375,0.0,0.61774,0.064626,0.935374,0.255102,0.554422,0.914966,0.306122,0.251701,0.231293,0.877551,0.119048,0.931973,0.346939,0.391156,0.914966,0.306122,0.255102,0.231293,0.836735,0.034014,0.945578,0.180272,0.768707,0.914966,0.306122,0.258503,0.231293,0.92517,0.0,0.0,0.0,0.0,"{""0|0|0|0|0|0|1|1|0|0|0|0|0"":1}"
Rapport-Jobava System,3,D01,1. d4 d5 2. Nc3 Nf6 3. Bf4 e6,d2d4 d7d5 b1c3 g8f6 c1f4 e7e6,0.017697,0.9596,0.023,0.53625,0.44,0.394498,0.3,0.0,0.603832,0.015164,0.95791,0.021,0.5525,0.44,0.394498,0.2875,0.0,0.604097,0.002874,0.995791,0.023,0.52,0.44,0.394498,0.2875,0.0,0.605422,0.278912,0.258503,0.081633,0.857143,1.0,0.673469,0.87415,0.231293,0.496599,0.346939,0.22449,0.068027,0.877551,1.0,0.673469,0.87415,0.231293,0.435374,0.129252,0.891156,0.180272,0.768707,1.0,0.673469,0.863946,0.231293,0.510204,0.0,0.0,0.0,0.0,"{""0|0|0|0|0|0|1|1|0|0|0|0|1"":3}"
"Rapport-Jobava System, with e6",1,D01,1. d4 d5 2. Nc3 e6 3. Bf4,d2d4 d7d5 b1c3 e7e6 c1f4,0.003545,0.996153,0.029,0.4875,0.3575,0.36616,0.3,0.0,0.604839,0.011782,0.990475,0.021,0.5525,0.3575,0.36616,0.2875,0.0,0.604639,0.003149,0.996939,0.029,0.4225,0.3575,0.36616,0.2875,0.0,0.604907,0.040816,0.972789,0.578231,0.588435,0.880952,0.37415,0.87415,0.231293,0.510204,0.326531,0.64966,0.068027,0.877551,0.880952,0.37415,0.87415,0.231293,0.47619,0.142857,0.952381,0.690476,0.132653,0.880952,0.37415,0.863946,0.231293,0.496599,0.0,0.0,0.0,0.0,"{""0|0|0|0|0|0|1|1|0|0|0|0|1"":1}"
Rat Defense,5,A41;A82;B00,1. d4 d6 2. c4 e5 3. dxe5 Nc6,d2d4 d7d6 c2c4 e7e5 d4e5 b8c6,0.298303,0.988148,0.029,0.442,0.286,0.40713,0.23125,0.06125,0.615472,0.263778,0.99156,0.029,0.4225,0.286,0.40713,0.25,0.15,0.600855,0.014216,0.993253,0.029,0.4615,0.286,0.40713,0.15,0.15,0.616109,0.789116,0.659864,0.578231,0.289116,0.833333,0.782313,0.659864,0.891156,0.741497,0.870748,0.717687,0.62585,0.146259,0.833333,0.782313,0.731293,0.897959,0.387755,0.285714,0.785714,0.690476,0.411565,0.833333,0.782313,0.602041,0.897959,0.734694,0.418166,0.418166,0.418166,0.418166,"{""0|0|0|0|0|0|1|1|0|0|0|0|0"":3,""0|0|1|0|0|0|2|2|0|1|1|0|0"":2}"
Richter-Veresov Attack,5,D01,1. d4 Nf6 2. Nc3 d5 3. Bg5 c5 4. Bxf6 gxf6 5. e4 dxe4 6. d5,d2d4 g8f6 b1c3 d7d5 c1g5 c7c5 g5f6 g7f6 e2e4 d5e4 d4d5,0.444515,0.922707,0.025667,0.531917,0.432667,0.41882,0.3,0.0105,0.591739,0.284941,0.919768,0.021,0.5525,0.432667,0.41882,0.2875,0.02,0.603375,0.253332,0.931568,0.025667,0.511333,0.432667,0.41882,0.2875,0.02,0.593441,0.959184,0.163265,0.22449,0.843537,0.993197,0.857143,0.87415,0.489796,0.353741,0.904762,0.129252,0.068027,0.877551,0.993197,0.857143,0.87415,0.482993,0.421769,0.897959,0.170068,0.408163,0.639456,0.993197,0.857143,0.863946,0.482993,0.272109,0.310918,0.310918,0.310918,0.310918,"{""0|0|0|0|0|0|1|1|0|0|0|0|1"":4,""0|1|0|2|0|0|2|3|0|1|2|0|0"":1}"
Robatsch Defense,1,A41,1. d4 d6 2. Nf3 g6 3. c4 Bg7 4. e4 Bg4,d2d4 d7d6 g1f3 g7g6 c2c4 f8g7 e2e4 c8g4,0.112455,0.917357,0.023,0.52,0.0,0.386886,0.05,0.0,0.599442,0.114802,0.877847,0.023,0.52,0.0,0.386886,0.0375,0.0,0.599043,0.011468,0.95618,0.023,0.52,0.0,0.386886,0.0375,0.0,0.61661,0.517007,0.156463,0.081633,0.789116,0.204082,0.612245,0.251701,0.231293,0.408163,0.598639,0.102041,0.176871,0.755102,0.204082,0.612245,0.255102,0.231293,0.340136,0.272109,0.231293,0.180272,0.768707,0.204082,0.612245,0.258503,0.231293,0.795918,0.0,0.0,0.0,0.0,"{""0|0|0|0|0|0|1|1|0|0|0|0|0"":1}"
Rubinstein Opening,5,D05,1. d4 Nf6 2. Nf3 e6 3. e3 c5 4. Bd3 d5 5. b3 Nc6 6. O-O Bd6 7. Bb2 O-O,d2d4 g8f6 g1f3 e7e6 e2e3 c7c5 f1d3 d7d5 b2b3 b8c6 e1g1 f8d6 c1b2 e8g8,0.120667,0.924039,0.023,0.91375,0.0,0.412814,0.3,0.0,0.58952,0.137042,0.926634,0.017,0.9235,0.0,0.412814,0.2875,0.0,0.588829,0.115445,0.849428,0.023,0.904,0.0,0.412814,0.2875,0.0,0.589661,0.571429,0.176871,0.081633,1.0,0.204082,0.836735,0.87415,0.231293,0.319728,0.659864,0.142857,0.034014,0.986395,0.204082,0.836735,0.87415,0.231293,0.258503,0.612245,0.095238,0.180272,0.993197,0.204082,0.836735,0.863946,0.231293,0.251701,0.0,0.0,0.0,0.0,"{""0|0|0|0|0|0|1|1|0|0|0|0|1"":5}"
Ruy Lopez,5,C60,1. e4 e5 2. Nf3 Nc6 3. Bb5 Bb4 4. c3 Ba5 5. Bxc6 dxc6,e2e4 e7e5 g1f3 b8c6 f1b5 f8b4 c2c3 b4a5 b5c6 d7c6,0.110121,0.913201,0.027667,0.554667,0.240167,0.369588,0.3,0.0105,0.587517,0.02116,0.92454,0.017,0.6175,0.240167,0.369588,0.2875,0.02,0.602646,0.166629,0.962862,0.027667,0.491833,0.240167,0.369588,0.2875,0.02,0.59538,0.510204,0.14966,0.255102,0.884354,0.789116,0.414966,0.87415,0.489796,0.292517,0.367347,0.136054,0.034014,0.94898,0.789116,0.414966,0.87415,0.482993,0.408163,0.734694,0.285714,0.431973,0.598639,0.789116,0.414966,0.863946,0.482993,0.278912,0.310918,0.310918,0.310918,0.310918,"{""0|0|0|0|0|0|1|1|0|0|0|0|1"":4,""0|0|0|1|0|0|1|2|0|0|1|0|1"":1}"
Réti Opening,5,A09,1. Nf3 d5 2. c4 d4 3. b4 c5,g1f3 d7d5 c2c4 d5d4 b2b4 c7c5,0.299939,0.987371,0.031667,0.457167,0.135667,0.365542,0.05,0.0,0.601979,0.228833,0.989577,0.031667,0.491833,0.135667,0.365542,0.0375,0.0,0.5975,0.115499,0.991211,0.029,0.4225,0.135667,0.365542,0.0375,0.0,0.614205,0.795918,0.612245,0.897959,0.37415,0.55102,0.367347,0.251701,0.231293,0.44898,0.809524,0.578231,0.904762,0.632653,0.55102,0.367347,0.255102,0.231293,0.319728,0.619048,0.666667,0.690476,0.132653,0.55102,0.367347,0.258503,0.231293,0.591837,0.0,0.0,0.0,0.0,"{""0|0|0|0|0|0|1|1|0|0|0|0|0"":5}"
Saragossa Opening,1,A00,1. c3,c2c3,0.006,0.983114,0.029,0.4225,0.0,0.318664,0.05,0.0,0.61576,0.00273,0.987552,0.029,0.4225,0.0,0.318664,0.0375,0.0,0.616316,0.00273,0.987552,0.029,0.4225,0.0,0.318664,0.0375,0.0,0.616316,0.12585,0.380952,0.578231,0.091837,0.204082,0.0,0.251701,0.231293,0.77551,0.108844,0.408163,0.62585,0.146259,0.204082,0.0,0.255102,0.231293,0.714286,0.081633,0.394558,0.690476,0.132653,0.204082,0.0,0.258503,0.231293,0.748299,0.0,0.0,0.0,0.0,"{""0|0|0|0|0|0|1|1|0|0|0|0|0"":1}"
Scandinavian Defense,5,B01,1. e4 d5 2. exd5 Qxd5 3. Nc3 Qa5 4. d4 e5 5. Nf3 Bg4,e2e4 d7d5 e4d5 d8d5 b1c3 d5a5 d2d4 e7e5 g1f3 c8g4,0.30247,0.984939,0.029,0.4745,0.1705,0.443902,0.25,0.02625,0.549442,0.23289,0.988864,0.029,0.4745,0.1705,0.443902,0.2125,0.05,0.552618,0.226918,0.988864,0.029,0.4745,0.1705,0.443902,0.2125,0.05,0.583218,0.809524,0.493197,0.578231,0.527211,0.683673,0.931973,0.734694,0.629252,0.163265,0.829932,0.530612,0.62585,0.557823,0.683673,0.931973,0.680272,0.622449,0.156463,0.836735,0.513605,0.690476,0.5,0.683673,0.931973,0.670068,0.622449,0.210884,0.418166,0.418166,0.418166,0.418166,"{""0|0|0|0|0|0|1|1|0|0|0|0|0"":2,""0|0|0|0|0|0|2|2|0|1|1|0|0"":3}"
Scotch Game,5,C44,1. e4 e5 2. Nf3 Nc6 3. d4 exd4 4. Bc4 Bc5 5. Ng5 Nh6 6. Nxf7 Nxf7 7. Bxf7+ Kxf7 8. Qh5+ g6 9. Qxc5 d5,e2e4 e7e5 g1f3 b8c6 d2d4 e5d4 f1c4 f8c5 f3g5 g8h6 g5f7 h6f7 c4f7 e8f7 d1h5 g7g6 h5c5 d7d5,0.351152,0.816122,0.376667,0.46225,0.165,0.470602,0.30625,0.09625,0.504651,0.286119,0.843071,0.169,0.5215,0.165,0.470602,0.2875,0.25,0.515756,0.239452,0.909938,0.376667,0.403,0.165,0.470602,0.2875,0.25,0.508089,0.877551,0.047619,1.0,0.408163,0.670068,0.972789,0.979592,0.959184,0.047619,0.911565,0.07483,0.982993,0.836735,0.670068,0.972789,0.87415,0.965986,0.054422,0.877551,0.136054,1.0,0.017007,0.670068,0.972789,0.863946,0.965986,0.027211,0.827729,0.827729,0.827729,0.827729,"{""0|0|0|0|0|0|1|1|0|0|0|0|1"":1,""0|0|0|1|0|0|2|2|0|1|1|0|0"":2,""0|0|0|1|0|0|2|2|0|1|2|0|0"":1,""2|0|0|0|0|0|3|2|0|2|1|0|0"":1}"
Semi-Slav Defense,5,D30;D31,1. d4 d5 2. c4 c6 3. Nf3 Nf6 4. e3 e6 5. Nbd2 Nbd7,d2d4 d7d5 c2c4 c7c6 g1f3 g8f6 e2e3 e7e6 b1d2 b8d7,0.146303,0.959095,0.029,0.468,0.143,0.412252,0.3,0.0,0.588136,0.142119,0.960391,0.027667,0.4745,0.143,0.412252,0.2875,0.0,0.600482,0.136587,0.960008,0.029,0.4615,0.143,0.412252,0.2875,0.0,0.600636,0.653061,0.251701,0.578231,0.435374,0.591837,0.823129,0.87415,0.231293,0.29932,0.680272,0.238095,0.346939,0.557823,0.591837,0.823129,0.87415,0.231293,0.380952,0.673469,0.265306,0.690476,0.411565,0.591837,0.823129,0.863946,0.231293,0.37415,0.310918,0.310918,0.310918,0.310918,"{""0|0|0|0|0|0|1|1|0|0|0|0|1"":4,""0|0|0|1|0|0|2|2|0|1|1|0|0"":1}"
Semi-Slav Defense Accepted,1,D44,1. d4 d5 2. c4 c6 3. Nf3 Nf6 4. Nc3 e6 5. Bg5 dxc4,d2d4 d7d5 c2c4 c7c6 g1f3 g8f6 b1c3 e7e6 c1g5 d5c4,0.127758,0.927286,0.023,0.52,0.0,0.390643,0.23125,0.035,0.521001,0.138857,0.918036,0.023,0.52,0.0,0.390643,0.15,0.1,0.519114,0.079956,0.957399,0.023,0.52,0.0,0.390643,0.25,0.1,0.529127,0.605442,0.183673,0.081633,0.789116,0.204082,0.653061,0.659864,0.785714,0.061224,0.666667,0.122449,0.176871,0.755102,0.204082,0.653061,0.605442,0.785714,0.061224,0.510204,0.238095,0.180272,0.768707,0.204082,0.653061,0.727891,0.785714,0.081633,0.0,0.0,0.0,0.0,"{""0|0|0|1|0|0|2|2|0|1|1|0|0"":1}"
Sicilian Defense,5,B20,1. e4 c5 2. d3 Nc6 3. c3 d6 4. f4,e2e4 c7c5 d2d3 b8c6 c2c3 d7d6 f2f4,0.006818,0.989617,0.029,0.450667,0.0715,0.344908,0.05,0.0,0.616722,0.030705,0.991832,0.029,0.4745,0.0715,0.344908,0.0375,0.0,0.617272,0.00276,0.992827,0.029,0.426833,0.0715,0.344908,0.0375,0.0,0.617472,0.142857,0.707483,0.578231,0.312925,0.431973,0.183673,0.251701,0.231293,0.870748,0.401361,0.734694,0.62585,0.557823,0.431973,0.183673,0.255102,0.231293,0.884354,0.095238,0.761905,0.690476,0.238095,0.431973,0.183673,0.258503,0.231293,0.897959,0.0,0.0,0.0,0.0,"{""0|0|0|0|0|0|1|1|0|0|0|0|0"":5}"
Slav Defense,5,D10,1. d4 d5 2. c4 c6 3. Nc3 dxc4,d2d4 d7d5 c2c4 c7c6 b1c3 d5c4,0.104288,0.991077,0.029,0.424667,0.0715,0.377714,0.3,0.035,0.586422,0.181118,0.991311,0.029,0.426833,0.0715,0.377714,0.2875,0.1,0.573561,0.087017,0.990475,0.029,0.4225,0.0715,0.377714,0.2875,0.1,0.589358,0.482993,0.795918,0.578231,0.163265,0.431973,0.530612,0.87415,0.785714,0.285714,0.77551,0.707483,0.62585,0.27551,0.431973,0.530612,0.87415,0.785714,0.190476,0.537415,0.608844,0.690476,0.132653,0.431973,0.530612,0.863946,0.785714,0.244898,0.590436,0.590436,0.590436,0.590436,"{""0|0|0|0|0|0|1|1|0|0|0|0|1"":3,""0|0|0|1|0|0|2|2|0|1|1|0|0"":1,""0|0|1|0|0|0|2|2|0|1|1|0|0"":1}"
Slav Indian,2,A40;A50,1. d4 c6 2. Nf3 Nf6 3. c4 b5,d2d4 c7c6 g1f3 g8f6 c2c4 b7b5,0.079682,0.978593,0.029,0.495625,0.0,0.38572,0.05,0.0,0.613207,0.086218,0.977977,0.029,0.47125,0.0,0.38572,0.0375,0.0,0.612974,0.086265,0.955135,0.023,0.52,0.0,0.38572,0.0375,0.0,0.613625,0.408163,0.319728,0.578231,0.639456,0.204082,0.598639,0.251701,0.231293,0.619048,0.52381,0.29932,0.62585,0.513605,0.204082,0.598639,0.255102,0.231293,0.557823,0.530612,0.22449,0.180272,0.768707,0.204082,0.598639,0.258503,0.231293,0.578231,0.0,0.0,0.0,0.0,"{""0|0|0|0|0|0|1|1|0|0|0|0|0"":2}"
Sodium Attack,4,A00,1. Na3 e5 2. d3 Bxa3 3. bxa3 d5 4. e3 c5 5. Rb1,b1a3 e7e5 d2d3 f8a3 b2a3 d7d5 e2e3 c7c5 a1b1,0.167015,0.977781,0.029,0.467187,0.17875,0.385403,0.239063,0.089375,0.612368,0.114182,0.985077,0.029,0.47125,0.17875,0.385403,0.3125,0.10625,0.614956,0.127677,0.982516,0.029,0.463125,0.17875,0.385403,0.1,0.10625,0.614356,0.680272,0.306122,0.578231,0.414966,0.70068,0.585034,0.721088,0.952381,0.591837,0.591837,0.333333,0.62585,0.513605,0.70068,0.585034,0.989796,0.843537,0.605442,0.659864,0.312925,0.690476,0.431973,0.70068,0.585034,0.55102,0.843537,0.598639,0.75,0.75,0.75,0.75,"{""0|0|0|0|0|0|1|1|0|0|0|0|0"":2,""0|0|0|0|0|0|1|1|0|0|0|0|1"":1,""2|0|1|0|0|0|2|1|0|1|0|0|0"":1}"
St. George Defense,4,B00,1. e4 a6 2. d4 b5 3. Nf3 Bb7 4. Bd3 d6 5. O-O g6 6. c3 Bg7,e2e4 a7a6 d2d4 b7b5 g1f3 c8b7 f1d3 d7d6 e1g1 g7g6 c2c3 f8g7,0.079333,0.984532,0.029,0.533958,0.093958,0.397543,0.1125,0.006562,0.608461,0.078781,0.988415,0.029,0.615625,0.093958,0.397543,0.1,0.0125,0.609886,0.025668,0.991569,0.029,0.452292,0.093958,0.397543,0.1,0.0125,0.615802,0.401361,0.459184,0.578231,0.85034,0.530612,0.70068,0.527211,0.469388,0.530612,0.510204,0.493197,0.62585,0.918367,0.530612,0.70068,0.547619,0.469388,0.530612,0.346939,0.714286,0.690476,0.37415,0.530612,0.70068,0.55102,0.469388,0.707483,0.405639,0.405639,0.405639,0.405639,"{""0|0|0|0|0|0|1|1|0|0|0|0|0"":3,""0|0|0|0|0|0|1|1|0|0|0|0|1"":1}"
Tarrasch Defense,5,D32,1. d4 d5 2. c4 e6 3. Nc3 c5 4. cxd5 exd5 5. Nf3 Nc6 6. dxc5 d4 7. Na4 b5,d2d4 d7d5 c2c4 e7e6 b1c3 c7c5 c4d5 e6d5 g1f3 b8c6 d4c5 d5d4 c3a4 b7b5,0.447879,0.903868,0.075,0.41475,0.2145,0.47869,0.375,0.035,0.526001,0.373626,0.757567,0.06,0.4265,0.2145,0.47869,0.3125,0.1,0.540369,0.194397,0.924677,0.075,0.403,0.2145,0.47869,0.3375,0.1,0.574736,0.965986,0.142857,0.945578,0.020408,0.748299,0.979592,1.0,0.785714,0.07483,0.965986,0.027211,0.942177,0.265306,0.748299,0.979592,0.989796,0.785714,0.088435,0.809524,0.156463,0.979592,0.017007,0.748299,0.979592,1.0,0.785714,0.190476,0.827729,0.827729,0.827729,0.827729,"{""0|0|0|0|0|0|1|1|0|0|0|0|1"":2,""0|0|0|0|0|0|2|2|0|1|1|0|1"":1,""0|0|0|0|0|0|2|2|1|0|0|0|0"":1,""0|1|0|0|1|0|2|3|0|1|2|0|0"":1}"
Three Knights Opening,5,C46,1. e4 e5 2. Nf3 Nc6 3. Nc3 g6 4. d4 exd4 5. Nd5,e2e4 e7e5 g1f3 b8c6 b1c3 g7g6 d2d4 e5d4 c3d5,0.285788,0.932433,0.025,0.52,0.2475,0.396688,0.3,0.02625,0.597377,0.229057,0.929466,0.023,0.52,0.2475,0.396688,0.2875,0.05,0.599756,0.157694,0.961622,0.025,0.52,0.2475,0.396688,0.2875,0.05,0.603118,0.77551,0.190476,0.183673,0.789116,0.802721,0.693878,0.87415,0.629252,0.394558,0.816327,0.14966,0.176871,0.755102,0.802721,0.693878,0.87415,0.622449,0.353741,0.714286,0.278912,0.357143,0.768707,0.802721,0.693878,0.863946,0.622449,0.421769,0.310918,0.310918,0.310918,0.310918,"{""0|0|0|0|0|0|1|1|0|0|0|0|1"":4,""0|0|0|1|0|0|2|2|0|1|1|0|0"":1}"
Torre Attack,5,A46;A48,1. d4 Nf6 2. Nf3 e6 3. Bg5 c5 4. e3 b6 5. d5,d2d4 g8f6 g1f3 e7e6 c1g5 c7c5 e2e3 b7b6 d4d5,0.334909,0.995864,0.023,0.52,0.0,0.412707,0.05,0.0105,0.617343,0.20201,0.996136,0.023,0.52,0.0,0.412707,0.0375,0.02,0.617617,0.273677,0.996136,0.023,0.52,0.0,0.412707,0.0375,0.02,0.606593,0.863946,0.935374,0.081633,0.789116,0.204082,0.829932,0.251701,0.489796,0.952381,0.795918,0.911565,0.176871,0.755102,0.204082,0.829932,0.255102,0.482993,0.938776,0.92517,0.921769,0.180272,0.768707,0.204082,0.829932,0.258503,0.482993,0.52381,0.0,0.0,0.0,0.0,"{""0|0|0|0|0|0|1|1|0|0|0|0|0"":5}"
Trompowsky Attack,5,A45,1. d4 Nf6 2. Bg5 Ne4 3. Bf4 g5,d2d4 g8f6 c1g5 f6e4 g5f4 g7g5,0.060091,0.994215,0.025667,0.499417,0.410667,0.372324,0.05,0.0,0.611345,0.00883,0.993608,0.025,0.4875,0.410667,0.372324,0.0375,0.0,0.617013,0.047331,0.993608,0.025667,0.511333,0.410667,0.372324,0.0375,0.0,0.615267,0.367347,0.857143,0.22449,0.680272,0.952381,0.459184,0.251701,0.231293,0.564626,0.306122,0.826531,0.302721,0.615646,0.952381,0.459184,0.255102,0.231293,0.85034,0.421769,0.806122,0.408163,0.639456,0.952381,0.459184,0.258503,0.231293,0.659864,0.0,0.0,0.0,0.0,"{""0|0|0|0|0|0|1|1|0|0|0|0|0"":5}"
Valencia Opening,1,A00,1. d3 e5 2. Nd2,d2d3 e7e5 b1d2,0.005591,0.989695,0.029,0.455,0.3575,0.341909,0.05,0.0,0.616709,0.002667,0.993083,0.025,0.4875,0.3575,0.341909,0.0375,0.0,0.617806,0.025254,0.993083,0.029,0.4225,0.3575,0.341909,0.0375,0.0,0.613366,0.115646,0.727891,0.578231,0.346939,0.880952,0.14966,0.251701,0.231293,0.863946,0.102041,0.795918,0.302721,0.615646,0.880952,0.14966,0.255102,0.231293,0.952381,0.340136,0.77551,0.690476,0.132653,0.880952,0.14966,0.258503,0.231293,0.571429,0.0,0.0,0.0,0.0,"{""0|0|0|0|0|0|1|1|0|0|0|0|0"":1}"
Van Geet Opening,5,A00,1. Nc3 d5 2. e4 dxe4 3. f3,b1c3 d7d5 e2e4 d5e4 f2f3,0.094182,0.984125,0.029,0.468,0.286,0.351138,0.05,0.02625,0.613576,0.012826,0.986297,0.025,0.494,0.286,0.351138,0.0375,0.05,0.615099,0.096159,0.986297,0.029,0.442,0.286,0.351138,0.0375,0.05,0.614499,0.442177,0.42517,0.578231,0.435374,0.833333,0.231293,0.251701,0.629252,0.646259,0.340136,0.394558,0.302721,0.642857,0.833333,0.231293,0.255102,0.622449,0.632653,0.585034,0.367347,0.690476,0.323129,0.833333,0.231293,0.258503,0.622449,0.605442,0.310918,0.310918,0.310918,0.310918,"{""0|0|0|0|0|0|1|1|0|0|0|0|0"":4,""0|0|0|1|0|0|2|2|0|1|1|0|0"":1}"
Van't Kruijs Opening,5,A00,1. e3 e5 2. Nc3 Nf6 3. f4 exf4 4. Nf3,e2e3 e7e5 b1c3 g8f6 f2f4 e5f4 g1f3,0.215606,0.982417,0.029,0.468,0.154,0.410487,0.23125,0.0875,0.615261,0.140203,0.985182,0.029,0.481,0.154,0.410487,0.15,0.2,0.597644,0.206869,0.987314,0.029,0.455,0.154,0.410487,0.25,0.2,0.615898,0.707483,0.360544,0.578231,0.435374,0.642857,0.816327,0.659864,0.938776,0.721088,0.673469,0.340136,0.62585,0.585034,0.642857,0.816327,0.605442,0.94898,0.326531,0.823129,0.387755,0.690476,0.387755,0.642857,0.816327,0.727891,0.94898,0.714286,0.418166,0.418166,0.418166,0.418166,"{""0|0|0|0|0|0|1|1|0|0|0|0|0"":2,""0|0|0|1|0|0|2|2|0|1|1|0|0"":3}"
"Vienna Gambit, with Max Lange Defense",5,C25,1. e4 e5 2. f4 exf4 3. Nf3 Nc6 4. Nc3 g5 5. h4 g4 6. Ng5 h6 7. Nxf7 Kxf7 8. d4,e2e4 e7e5 f2f4 e5f4 g1f3 b8c6 b1c3 g7g5 h2h4 g5g4 f3g5 h7h6 g5f7 e8f7 d2d4,0.113909,0.962319,0.283333,0.4195,0.0825,0.373586,0.23125,0.035,0.535005,0.08972,0.976699,0.065,0.4425,0.0825,0.373586,0.15,0.1,0.550475,0.142281,0.923252,0.283333,0.3965,0.0825,0.373586,0.25,0.1,0.528492,0.52381,0.272109,0.993197,0.027211,0.493197,0.482993,0.659864,0.785714,0.122449,0.530612,0.278912,0.959184,0.380952,0.493197,0.482993,0.605442,0.785714,0.14966,0.687075,0.14966,0.993197,0.006803,0.493197,0.482993,0.727891,0.785714,0.068027,0.590436,0.590436,0.590436,0.590436,"{""0|0|0|0|0|0|1|1|0|0|0|0|1"":1,""0|0|0|0|0|0|2|2|0|1|1|0|0"":1,""0|0|0|1|0|0|2|2|0|1|1|0|0"":3}"
Vienna Game,5,C25,1. e4 e5 2. Nc3 Nc6 3. d4,e2e4 e7e5 b1c3 b8c6 d2d4,0.009545,0.984939,0.029,0.49725,0.3245,0.365407,0.3,0.02625,0.601757,0.005055,0.988864,0.025,0.5005,0.3245,0.365407,0.2875,0.05,0.602571,0.089214,0.988864,0.029,0.494,0.3245,0.365407,0.2875,0.05,0.601971,0.204082,0.493197,0.578231,0.656463,0.85034,0.360544,0.87415,0.629252,0.442177,0.22449,0.530612,0.302721,0.663265,0.85034,0.360544,0.87415,0.622449,0.401361,0.544218,0.513605,0.690476,0.608844,0.85034,0.360544,0.863946,0.622449,0.401361,0.0,0.0,0.0,0.0,"{""0|0|0|0|0|0|1|1|0|0|0|0|1"":5}"
Vulture Defense,1,A56,1. d4 Nf6 2. c4 c5 3. d5 Ne4,d2d4 g8f6 c2c4 c7c5 d4d5 f6e4,0.0,0.9955,0.029,0.47125,0.0,0.371066,0.05,0.0,0.61705,0.002031,0.995029,0.029,0.4225,0.0,0.371066,0.0375,0.0,0.616705,0.115364,0.838629,0.023,0.52,0.0,0.371066,0.0375,0.0,0.598338,0.0,0.897959,0.578231,0.489796,0.204082,0.442177,0.251701,0.231293,0.92517,0.020408,0.85034,0.62585,0.146259,0.204082,0.442177,0.255102,0.231293,0.789116,0.605442,0.068027,0.180272,0.768707,0.204082,0.442177,0.258503,0.231293,0.319728,0.0,0.0,0.0,0.0,"{""0|0|0|0|0|0|1|1|0|0|0|0|0"":1}"
Wade Defense,1,A41,1. d4 d6 2. Nf3 Bg4,d2d4 d7d6 g1f3 c8g4,0.004364,0.996126,0.025,0.50375,0.4125,0.362656,0.05,0.0,0.616373,0.002798,0.99708,0.023,0.52,0.4125,0.362656,0.0375,0.0,0.61694,0.002798,0.99708,0.025,0.4875,0.4125,0.362656,0.0375,0.0,0.61664,0.088435,0.965986,0.183673,0.714286,0.972789,0.326531,0.251701,0.231293,0.829932,0.132653,0.972789,0.176871,0.755102,0.972789,0.326531,0.255102,0.231293,0.829932,0.105442,0.986395,0.357143,0.571429,0.972789,0.326531,0.258503,0.231293,0.802721,0.0,0.0,0.0,0.0,"{""0|0|0|0|0|0|1|1|0|0|0|0|0"":1}"
Ware Defense,2,B00,1. e4 a5 2. d4 Nc6,e2e4 a7a5 d2d4 b8c6,0.004364,0.990919,0.029,0.427917,0.17875,0.362855,0.05,0.0,0.616939,0.002022,0.993826,0.029,0.4225,0.17875,0.362855,0.0375,0.0,0.617337,0.002614,0.993826,0.029,0.433333,0.17875,0.362855,0.0375,0.0,0.617349,0.088435,0.789116,0.578231,0.183673,0.70068,0.340136,0.251701,0.231293,0.904762,0.013605,0.836735,0.62585,0.146259,0.70068,0.340136,0.255102,0.231293,0.897959,0.057823,0.816327,0.690476,0.261905,0.70068,0.340136,0.258503,0.231293,0.884354,0.0,0.0,0.0,0.0,"{""0|0|0|0|0|0|1|1|0|0|0|0|0"":2}"
Ware Opening,5,A00,1. a4 b6 2. d4 d5 3. Nc3 Nd7,a2a4 b7b6 d2d4 d7d5 b1c3 b8d7,0.091348,0.987614,0.031667,0.426833,0.0,0.33856,0.05,0.020737,0.615546,0.012329,0.992185,0.031667,0.418167,0.0,0.33856,0.0375,0.0395,0.61633,0.04343,0.990779,0.029,0.4355,0.0,0.33856,0.0375,0.0395,0.616389,0.435374,0.653061,0.897959,0.170068,0.204082,0.122449,0.251701,0.537415,0.748299,0.333333,0.755102,0.904762,0.034014,0.204082,0.122449,0.255102,0.537415,0.721088,0.414966,0.632653,0.690476,0.285714,0.204082,0.122449,0.258503,0.537415,0.77551,0.310918,0.310918,0.310918,0.310918,"{""0|0|0|0|0|0|1|1|0|0|0|0|0"":4,""0|0|0|0|0|0|1|1|0|0|0|0|1"":1}"
Yusupov-Rubinstein System,1,A46,1. d4 Nf6 2. Nf3 e6 3. e3,d2d4 g8f6 g1f3 e7e6 e2e3,0.004091,0.995864,0.023,0.52,0.0,0.370271,0.05,0.0,0.618218,0.002335,0.997293,0.023,0.52,0.0,0.370271,0.0375,0.0,0.618517,0.068388,0.996136,0.023,0.52,0.0,0.370271,0.0375,0.0,0.607288,0.054422,0.935374,0.081633,0.789116,0.204082,0.435374,0.251701,0.231293,0.979592,0.047619,0.986395,0.176871,0.755102,0.204082,0.435374,0.255102,0.231293,0.979592,0.482993,0.921769,0.180272,0.768707,0.204082,0.435374,0.258503,0.231293,0.537415,0.0,0.0,0.0,0.0,"{""0|0|0|0|0|0|1|1|0|0|0|0|0"":1}"
Zaire Defense,1,A40,1. d4 Nc6 2. d5 Nb8 3. e4 Nf6 4. e5 Ng8,d2d4 b8c6 d4d5 c6b8 e2e4 g8f6 e4e5 f6g8,0.139848,0.936366,0.029,0.4225,0.0,0.373949,0.05,0.02625,0.59414,0.068799,0.95389,0.029,0.4225,0.0,0.373949,0.0375,0.05,0.606218,0.122133,0.935123,0.029,0.4225,0.0,0.373949,0.0375,0.05,0.597152,0.646259,0.197279,0.578231,0.091837,0.204082,0.489796,0.251701,0.629252,0.367347,0.482993,0.204082,0.62585,0.146259,0.204082,0.489796,0.255102,0.622449,0.503401,0.646259,0.176871,0.690476,0.132653,0.204082,0.489796,0.258503,0.622449,0.306122,0.0,0.0,0.0,0.0,"{""0|0|0|0|0|0|1|1|0|0|0|0|0"":1}"
Zukertort Defense,2,A04,1. Nf3 Nh6 2. d4 g6,g1f3 g8h6 d2d4 g7g6,0.042455,0.984808,0.027667,0.501042,0.187916,0.332628,0.05,0.0,0.609812,0.007489,0.987966,0.023,0.52,0.187916,0.332628,0.0375,0.0,0.616246,0.047489,0.987966,0.027667,0.482083,0.187916,0.332628,0.0375,0.0,0.60892,0.333333,0.469388,0.255102,0.687075,0.721088,0.081633,0.251701,0.231293,0.544218,0.278912,0.445578,0.176871,0.755102,0.721088,0.081633,0.255102,0.231293,0.707483,0.428571,0.438776,0.431973,0.544218,0.721088,0.081633,0.258503,0.231293,0.544218,0.0,0.0,0.0,0.0,"{""0|0|0|0|0|0|1|1|0|0|0|0|0"":2}"
Zukertort Opening,5,A04,1. Nf3 f6 2. e4 Nh6 3. d4 Nf7,g1f3 f7f6 e2e4 g8h6 d2d4 h6f7,0.006273,0.993607,0.029,0.4875,0.0825,0.331095,0.05,0.0,0.61758,0.00395,0.995325,0.023,0.52,0.0825,0.331095,0.0375,0.0,0.618104,0.00395,0.995325,0.029,0.455,0.0825,0.331095,0.0375,0.0,0.617802,0.136054,0.836735,0.578231,0.588435,0.493197,0.061224,0.251701,0.231293,0.965986,0.183673,0.877551,0.176871,0.755102,0.493197,0.061224,0.255102,0.231293,0.965986,0.176871,0.863946,0.690476,0.387755,0.493197,0.061224,0.258503,0.231293,0.931973,0.0,0.0,0.0,0.0,"{""0|0|0|0|0|0|1|1|0|0|0|0|0"":5}"
